#Live,2.57E+05,Real ,2.57E+05

#Energy, Data,,

0.938472,63,,

1.61568,30417,,

2.29289,31621,,

2.9701,8661,,

3.64732,2023,,

4.32453,2946,,

5.00174,3549,,

5.67895,4790,,

6.35616,5810,,

7.03337,6092,,

7.71058,6156,,

8.38779,6438,,

9.065,14510,,

9.74221,25297,,

10.4194,13502,,

11.0966,6241,,

11.7738,3092,,

12.4511,2110,,

13.1283,1184,,

13.8055,1036,,

14.4827,867,,

15.1599,897,,

15.8371,797,,

16.5143,805,,

17.1915,826,,

17.8687,796,,

18.546,757,,

19.2232,671,,

19.9004,739,,

20.5776,697,,

21.2548,703,,

21.932,712,,

22.6092,645,,

23.2864,660,,

23.9636,631,,

24.6409,659,,

25.3181,661,,

25.9953,645,,

26.6725,626,,

27.3497,624,,

28.0269,612,,

28.7041,621,,

29.3813,560,,

30.0585,614,,

30.7357,597,,

31.413,556,,

32.0902,583,,

32.7674,537,,

33.4446,547,,

34.1218,570,,

34.799,575,,

35.4762,533,,

36.1534,549,,

36.8306,541,,

37.5079,558,,

38.1851,539,,

38.8623,518,,

39.5395,509,,

40.2167,532,,

40.8939,522,,

41.5711,490,,

42.2483,486,,

42.9255,541,,

43.6028,518,,

44.28,514,,

44.9572,498,,

45.6344,523,,

46.3116,534,,

46.9888,517,,

47.666,505,,

48.3432,485,,

49.0204,536,,

49.6977,483,,

50.3749,463,,

51.0521,485,,

51.7293,527,,

52.4065,500,,

53.0837,451,,

53.7609,519,,

54.4381,470,,

55.1153,534,,

55.7925,495,,

56.4698,461,,

57.147,504,,

57.8242,476,,

58.5014,507,,

59.1786,519,,

59.8558,501,,

60.533,492,,

61.2102,486,,

61.8874,485,,

62.5647,489,,

63.2419,479,,

63.9191,459,,

64.5963,502,,

65.2735,515,,

65.9507,494,,

66.6279,493,,

67.3051,536,,

67.9823,523,,

68.6596,464,,

69.3368,507,,

70.014,493,,

70.6912,500,,

71.3684,531,,

72.0456,572,,

72.7228,609,,

73.4,742,,

74.0772,586,,

74.7544,622,,

75.4317,931,,

76.1089,614,,

76.7861,476,,

77.4633,665,,

78.1405,555,,

78.8177,531,,

79.4949,504,,

80.1721,542,,

80.8493,518,,

81.5266,552,,

82.2038,576,,

82.881,537,,

83.5582,504,,

84.2354,571,,

84.9126,723,,

85.5898,673,,

86.267,583,,

86.9442,579,,

87.6215,634,,

88.2987,600,,

88.9759,519,,

89.6531,492,,

90.3303,567,,

91.0075,508,,

91.6847,552,,

92.3619,555,,

93.0391,511,,

93.7164,555,,

94.3936,531,,

95.0708,546,,

95.748,580,,

96.4252,581,,

97.1024,575,,

97.7796,578,,

98.4568,538,,

99.134,592,,

99.8112,572,,

100.488,578,,

101.166,594,,

101.843,607,,

102.52,624,,

103.197,624,,

103.875,639,,

104.552,654,,

105.229,627,,

105.906,625,,

106.583,648,,

107.261,646,,

107.938,566,,

108.615,631,,

109.292,652,,

109.969,698,,

110.647,639,,

111.324,698,,

112.001,605,,

112.678,714,,

113.355,652,,

114.033,671,,

114.71,693,,

115.387,669,,

116.064,695,,

116.742,688,,

117.419,670,,

118.096,691,,

118.773,673,,

119.45,657,,

120.128,744,,

120.805,715,,

121.482,718,,

122.159,727,,

122.836,740,,

123.514,787,,

124.191,725,,

124.868,718,,

125.545,771,,

126.222,710,,

126.9,711,,

127.577,689,,

128.254,706,,

128.931,713,,

129.609,720,,

130.286,755,,

130.963,730,,

131.64,704,,

132.317,755,,

132.995,764,,

133.672,727,,

134.349,724,,

135.026,815,,

135.703,707,,

136.381,743,,

137.058,818,,

137.735,750,,

138.412,776,,

139.089,727,,

139.767,813,,

140.444,767,,

141.121,788,,

141.798,742,,

142.476,772,,

143.153,757,,

143.83,793,,

144.507,814,,

145.184,754,,

145.862,742,,

146.539,778,,

147.216,829,,

147.893,795,,

148.57,775,,

149.248,778,,

149.925,769,,

150.602,803,,

151.279,757,,

151.956,784,,

152.634,814,,

153.311,743,,

153.988,797,,

154.665,804,,

155.343,815,,

156.02,768,,

156.697,782,,

157.374,797,,

158.051,797,,

158.729,735,,

159.406,764,,

160.083,734,,

160.76,770,,

161.437,804,,

162.115,782,,

162.792,787,,

163.469,766,,

164.146,784,,

164.823,771,,

165.501,774,,

166.178,735,,

166.855,805,,

167.532,764,,

168.21,770,,

168.887,782,,

169.564,781,,

170.241,802,,

170.918,760,,

171.596,813,,

172.273,799,,

172.95,767,,

173.627,800,,

174.304,855,,

174.982,758,,

175.659,790,,

176.336,763,,

177.013,709,,

177.69,744,,

178.368,777,,

179.045,820,,

179.722,763,,

180.399,770,,

181.077,765,,

181.754,742,,

182.431,753,,

183.108,746,,

183.785,794,,

184.463,702,,

185.14,732,,

185.817,753,,

186.494,743,,

187.171,778,,

187.849,721,,

188.526,725,,

189.203,746,,

189.88,712,,

190.557,727,,

191.235,727,,

191.912,694,,

192.589,691,,

193.266,743,,

193.944,760,,

194.621,714,,

195.298,736,,

195.975,725,,

196.652,686,,

197.33,744,,

198.007,718,,

198.684,734,,

199.361,746,,

200.038,735,,

200.716,714,,

201.393,671,,

202.07,728,,

202.747,688,,

203.424,707,,

204.102,666,,

204.779,692,,

205.456,676,,

206.133,662,,

206.811,670,,

207.488,702,,

208.165,688,,

208.842,703,,

209.519,636,,

210.197,638,,

210.874,638,,

211.551,700,,

212.228,683,,

212.905,683,,

213.583,674,,

214.26,628,,

214.937,637,,

215.614,647,,

216.292,644,,

216.969,639,,

217.646,658,,

218.323,694,,

219,640,,

219.678,659,,

220.355,641,,

221.032,599,,

221.709,623,,

222.386,607,,

223.064,706,,

223.741,643,,

224.418,632,,

225.095,624,,

225.772,622,,

226.45,589,,

227.127,597,,

227.804,647,,

228.481,623,,

229.159,584,,

229.836,642,,

230.513,574,,

231.19,617,,

231.867,574,,

232.545,629,,

233.222,652,,

233.899,624,,

234.576,564,,

235.253,550,,

235.931,614,,

236.608,657,,

237.285,570,,

237.962,581,,

238.639,552,,

239.317,603,,

239.994,602,,

240.671,545,,

241.348,557,,

242.026,701,,

242.703,710,,

243.38,599,,

244.057,582,,

244.734,582,,

245.412,622,,

246.089,598,,

246.766,565,,

247.443,549,,

248.12,516,,

248.798,576,,

249.475,586,,

250.152,605,,

250.829,547,,

251.506,556,,

252.184,593,,

252.861,568,,

253.538,525,,

254.215,530,,

254.893,562,,

255.57,542,,

256.247,571,,

256.924,496,,

257.601,518,,

258.279,540,,

258.956,566,,

259.633,538,,

260.31,522,,

260.987,511,,

261.665,505,,

262.342,498,,

263.019,518,,

263.696,459,,

264.373,501,,

265.051,499,,

265.728,540,,

266.405,499,,

267.082,517,,

267.76,471,,

268.437,533,,

269.114,505,,

269.791,496,,

270.468,457,,

271.146,481,,

271.823,487,,

272.5,473,,

273.177,523,,

273.854,497,,

274.532,489,,

275.209,471,,

275.886,463,,

276.563,483,,

277.24,502,,

277.918,499,,

278.595,522,,

279.272,488,,

279.949,459,,

280.627,485,,

281.304,462,,

281.981,458,,

282.658,426,,

283.335,437,,

284.013,467,,

284.69,415,,

285.367,469,,

286.044,483,,

286.721,490,,

287.399,450,,

288.076,454,,

288.753,416,,

289.43,500,,

290.107,444,,

290.785,468,,

291.462,452,,

292.139,423,,

292.816,469,,

293.494,440,,

294.171,478,,

294.848,550,,

295.525,815,,

296.202,620,,

296.88,457,,

297.557,437,,

298.234,458,,

298.911,422,,

299.588,474,,

300.266,410,,

300.943,438,,

301.62,437,,

302.297,423,,

302.974,433,,

303.652,406,,

304.329,429,,

305.006,439,,

305.683,448,,

306.361,372,,

307.038,413,,

307.715,406,,

308.392,408,,

309.069,373,,

309.747,390,,

310.424,361,,

311.101,399,,

311.778,432,,

312.455,376,,

313.133,418,,

313.81,416,,

314.487,369,,

315.164,399,,

315.841,412,,

316.519,423,,

317.196,365,,

317.873,385,,

318.55,386,,

319.228,374,,

319.905,360,,

320.582,400,,

321.259,390,,

321.936,377,,

322.614,360,,

323.291,391,,

323.968,395,,

324.645,347,,

325.322,359,,

326,371,,

326.677,409,,

327.354,421,,

328.031,605,,

328.708,1739,,

329.386,644,,

330.063,369,,

330.74,397,,

331.417,369,,

332.095,333,,

332.772,358,,

333.449,376,,

334.126,379,,

334.803,362,,

335.481,338,,

336.158,388,,

336.835,389,,

337.512,337,,

338.189,370,,

338.867,380,,

339.544,319,,

340.221,328,,

340.898,331,,

341.576,373,,

342.253,360,,

342.93,367,,

343.607,379,,

344.284,375,,

344.962,377,,

345.639,331,,

346.316,335,,

346.993,346,,

347.67,323,,

348.348,307,,

349.025,339,,

349.702,351,,

350.379,314,,

351.056,366,,

351.734,560,,

352.411,960,,

353.088,589,,

353.765,323,,

354.443,330,,

355.12,339,,

355.797,278,,

356.474,294,,

357.151,303,,

357.829,313,,

358.506,295,,

359.183,279,,

359.86,298,,

360.537,294,,

361.215,296,,

361.892,303,,

362.569,295,,

363.246,296,,

363.923,311,,

364.601,280,,

365.278,341,,

365.955,322,,

366.632,298,,

367.31,309,,

367.987,301,,

368.664,236,,

369.341,272,,

370.018,280,,

370.696,291,,

371.373,262,,

372.05,294,,

372.727,329,,

373.404,295,,

374.082,280,,

374.759,279,,

375.436,274,,

376.113,303,,

376.79,310,,

377.468,288,,

378.145,277,,

378.822,266,,

379.499,245,,

380.177,258,,

380.854,292,,

381.531,302,,

382.208,273,,

382.885,275,,

383.563,262,,

384.24,261,,

384.917,260,,

385.594,241,,

386.271,261,,

386.949,274,,

387.626,300,,

388.303,274,,

388.98,264,,

389.657,262,,

390.335,267,,

391.012,267,,

391.689,296,,

392.366,255,,

393.044,255,,

393.721,256,,

394.398,247,,

395.075,248,,

395.752,235,,

396.43,246,,

397.107,275,,

397.784,260,,

398.461,231,,

399.138,242,,

399.816,247,,

400.493,220,,

401.17,253,,

401.847,255,,

402.524,256,,

403.202,244,,

403.879,233,,

404.556,240,,

405.233,252,,

405.911,277,,

406.588,229,,

407.265,249,,

407.942,237,,

408.619,271,,

409.297,231,,

409.974,228,,

410.651,237,,

411.328,236,,

412.005,235,,

412.683,218,,

413.36,244,,

414.037,228,,

414.714,225,,

415.391,231,,

416.069,214,,

416.746,225,,

417.423,191,,

418.1,211,,

418.778,224,,

419.455,211,,

420.132,244,,

420.809,234,,

421.486,232,,

422.164,229,,

422.841,241,,

423.518,208,,

424.195,235,,

424.872,225,,

425.55,224,,

426.227,218,,

426.904,212,,

427.581,215,,

428.258,211,,

428.936,207,,

429.613,235,,

430.29,215,,

430.967,202,,

431.645,201,,

432.322,232,,

432.999,190,,

433.676,225,,

434.353,204,,

435.031,200,,

435.708,195,,

436.385,223,,

437.062,197,,

437.739,179,,

438.417,219,,

439.094,203,,

439.771,203,,

440.448,215,,

441.125,200,,

441.803,218,,

442.48,200,,

443.157,190,,

443.834,231,,

444.512,187,,

445.189,220,,

445.866,215,,

446.543,213,,

447.22,210,,

447.898,189,,

448.575,197,,

449.252,190,,

449.929,184,,

450.606,168,,

451.284,216,,

451.961,187,,

452.638,209,,

453.315,192,,

453.992,201,,

454.67,186,,

455.347,200,,

456.024,191,,

456.701,217,,

457.379,212,,

458.056,166,,

458.733,187,,

459.41,216,,

460.087,202,,

460.765,169,,

461.442,177,,

462.119,176,,

462.796,193,,

463.473,172,,

464.151,193,,

464.828,167,,

465.505,167,,

466.182,181,,

466.859,184,,

467.537,184,,

468.214,203,,

468.891,173,,

469.568,189,,

470.246,191,,

470.923,140,,

471.6,173,,

472.277,161,,

472.954,189,,

473.632,170,,

474.309,172,,

474.986,172,,

475.663,202,,

476.34,182,,

477.018,178,,

477.695,181,,

478.372,158,,

479.049,153,,

479.727,142,,

480.404,162,,

481.081,191,,

481.758,207,,

482.435,149,,

483.113,181,,

483.79,194,,

484.467,169,,

485.144,165,,

485.821,181,,

486.499,177,,

487.176,156,,

487.853,172,,

488.53,177,,

489.207,170,,

489.885,169,,

490.562,163,,

491.239,191,,

491.916,140,,

492.594,180,,

493.271,180,,

493.948,174,,

494.625,170,,

495.302,151,,

495.98,153,,

496.657,165,,

497.334,148,,

498.011,144,,

498.688,149,,

499.366,137,,

500.043,147,,

500.72,158,,

501.397,169,,

502.074,153,,

502.752,150,,

503.429,156,,

504.106,164,,

504.783,166,,

505.461,136,,

506.138,159,,

506.815,173,,

507.492,158,,

508.169,204,,

508.847,253,,

509.524,417,,

510.201,676,,

510.878,1028,,

511.555,1065,,

512.233,834,,

512.91,473,,

513.587,306,,

514.264,210,,

514.941,172,,

515.619,162,,

516.296,132,,

516.973,132,,

517.65,138,,

518.328,140,,

519.005,134,,

519.682,131,,

520.359,120,,

521.036,109,,

521.714,126,,

522.391,155,,

523.068,160,,

523.745,149,,

524.422,131,,

525.1,122,,

525.777,130,,

526.454,115,,

527.131,138,,

527.808,130,,

528.486,129,,

529.163,135,,

529.84,133,,

530.517,148,,

531.195,132,,

531.872,104,,

532.549,107,,

533.226,111,,

533.903,128,,

534.581,128,,

535.258,130,,

535.935,122,,

536.612,116,,

537.289,131,,

537.967,113,,

538.644,131,,

539.321,125,,

539.998,149,,

540.675,116,,

541.353,100,,

542.03,139,,

542.707,117,,

543.384,131,,

544.062,138,,

544.739,132,,

545.416,147,,

546.093,128,,

546.77,122,,

547.448,119,,

548.125,119,,

548.802,113,,

549.479,123,,

550.156,118,,

550.834,125,,

551.511,112,,

552.188,107,,

552.865,114,,

553.542,112,,

554.22,121,,

554.897,129,,

555.574,107,,

556.251,112,,

556.929,117,,

557.606,119,,

558.283,118,,

558.96,104,,

559.637,121,,

560.315,121,,

560.992,122,,

561.669,127,,

562.346,119,,

563.023,103,,

563.701,133,,

564.378,114,,

565.055,118,,

565.732,111,,

566.409,123,,

567.087,136,,

567.764,129,,

568.441,112,,

569.118,116,,

569.796,115,,

570.473,105,,

571.15,140,,

571.827,108,,

572.504,96,,

573.182,132,,

573.859,98,,

574.536,111,,

575.213,118,,

575.89,117,,

576.568,130,,

577.245,120,,

577.922,111,,

578.599,102,,

579.276,101,,

579.954,116,,

580.631,113,,

581.308,126,,

581.985,112,,

582.663,121,,

583.34,119,,

584.017,115,,

584.694,115,,

585.371,99,,

586.049,104,,

586.726,116,,

587.403,110,,

588.08,105,,

588.757,119,,

589.435,100,,

590.112,105,,

590.789,107,,

591.466,119,,

592.143,111,,

592.821,121,,

593.498,102,,

594.175,96,,

594.852,106,,

595.53,114,,

596.207,111,,

596.884,121,,

597.561,138,,

598.238,97,,

598.916,119,,

599.593,106,,

600.27,116,,

600.947,109,,

601.624,119,,

602.302,104,,

602.979,123,,

603.656,106,,

604.333,119,,

605.01,107,,

605.688,125,,

606.365,116,,

607.042,91,,

607.719,100,,

608.397,129,,

609.074,393,,

609.751,511,,

610.428,235,,

611.105,101,,

611.783,98,,

612.46,97,,

613.137,88,,

613.814,100,,

614.491,95,,

615.169,104,,

615.846,103,,

616.523,105,,

617.2,104,,

617.878,103,,

618.555,115,,

619.232,101,,

619.909,108,,

620.586,86,,

621.264,92,,

621.941,94,,

622.618,108,,

623.295,107,,

623.972,97,,

624.65,99,,

625.327,113,,

626.004,97,,

626.681,76,,

627.358,91,,

628.036,79,,

628.713,98,,

629.39,75,,

630.067,97,,

630.745,79,,

631.422,104,,

632.099,95,,

632.776,86,,

633.453,96,,

634.131,99,,

634.808,105,,

635.485,92,,

636.162,87,,

636.839,90,,

637.517,75,,

638.194,81,,

638.871,89,,

639.548,88,,

640.225,89,,

640.903,97,,

641.58,79,,

642.257,84,,

642.934,87,,

643.612,86,,

644.289,81,,

644.966,73,,

645.643,115,,

646.32,85,,

646.998,87,,

647.675,81,,

648.352,93,,

649.029,88,,

649.706,82,,

650.384,85,,

651.061,76,,

651.738,75,,

652.415,95,,

653.092,82,,

653.77,94,,

654.447,82,,

655.124,84,,

655.801,89,,

656.479,92,,

657.156,98,,

657.833,76,,

658.51,104,,

659.187,90,,

659.865,81,,

660.542,93,,

661.219,78,,

661.896,75,,

662.573,80,,

663.251,102,,

663.928,101,,

664.605,70,,

665.282,94,,

665.959,84,,

666.637,88,,

667.314,74,,

667.991,67,,

668.668,89,,

669.346,106,,

670.023,105,,

670.7,76,,

671.377,90,,

672.054,85,,

672.732,82,,

673.409,74,,

674.086,82,,

674.763,95,,

675.44,71,,

676.118,97,,

676.795,84,,

677.472,83,,

678.149,86,,

678.826,89,,

679.504,71,,

680.181,92,,

680.858,77,,

681.535,88,,

682.213,81,,

682.89,77,,

683.567,97,,

684.244,67,,

684.921,84,,

685.599,94,,

686.276,91,,

686.953,73,,

687.63,70,,

688.307,104,,

688.985,64,,

689.662,70,,

690.339,86,,

691.016,85,,

691.693,92,,

692.371,83,,

693.048,89,,

693.725,82,,

694.402,94,,

695.08,100,,

695.757,81,,

696.434,81,,

697.111,80,,

697.788,79,,

698.466,85,,

699.143,86,,

699.82,79,,

700.497,86,,

701.174,81,,

701.852,86,,

702.529,99,,

703.206,87,,

703.883,88,,

704.56,94,,

705.238,87,,

705.915,86,,

706.592,61,,

707.269,91,,

707.947,95,,

708.624,88,,

709.301,83,,

709.978,87,,

710.655,77,,

711.333,83,,

712.01,65,,

712.687,75,,

713.364,79,,

714.041,82,,

714.719,80,,

715.396,85,,

716.073,89,,

716.75,76,,

717.427,81,,

718.105,74,,

718.782,68,,

719.459,88,,

720.136,78,,

720.814,69,,

721.491,86,,

722.168,85,,

722.845,71,,

723.522,85,,

724.2,61,,

724.877,82,,

725.554,77,,

726.231,64,,

726.908,86,,

727.586,82,,

728.263,67,,

728.94,69,,

729.617,66,,

730.294,80,,

730.972,68,,

731.649,68,,

732.326,73,,

733.003,72,,

733.681,70,,

734.358,81,,

735.035,57,,

735.712,85,,

736.389,74,,

737.067,73,,

737.744,78,,

738.421,75,,

739.098,61,,

739.775,69,,

740.453,72,,

741.13,81,,

741.807,67,,

742.484,81,,

743.161,66,,

743.839,75,,

744.516,72,,

745.193,74,,

745.87,70,,

746.548,67,,

747.225,81,,

747.902,69,,

748.579,67,,

749.256,69,,

749.934,56,,

750.611,82,,

751.288,62,,

751.965,70,,

752.642,82,,

753.32,67,,

753.997,68,,

754.674,68,,

755.351,63,,

756.029,68,,

756.706,78,,

757.383,75,,

758.06,79,,

758.737,83,,

759.415,73,,

760.092,66,,

760.769,71,,

761.446,75,,

762.123,73,,

762.801,73,,

763.478,66,,

764.155,70,,

764.832,84,,

765.509,63,,

766.187,73,,

766.864,82,,

767.541,78,,

768.218,92,,

768.896,87,,

769.573,80,,

770.25,71,,

770.927,83,,

771.604,73,,

772.282,77,,

772.959,69,,

773.636,68,,

774.313,54,,

774.99,64,,

775.668,54,,

776.345,77,,

777.022,84,,

777.699,72,,

778.376,77,,

779.054,52,,

779.731,56,,

780.408,72,,

781.085,62,,

781.763,70,,

782.44,60,,

783.117,52,,

783.794,78,,

784.471,61,,

785.149,74,,

785.826,65,,

786.503,82,,

787.18,72,,

787.857,76,,

788.535,68,,

789.212,75,,

789.889,57,,

790.566,60,,

791.243,69,,

791.921,63,,

792.598,63,,

793.275,76,,

793.952,52,,

794.63,70,,

795.307,50,,

795.984,56,,

796.661,57,,

797.338,75,,

798.016,69,,

798.693,49,,

799.37,56,,

800.047,61,,

800.724,61,,

801.402,68,,

802.079,62,,

802.756,90,,

803.433,108,,

804.11,82,,

804.788,65,,

805.465,86,,

806.142,71,,

806.819,66,,

807.497,59,,

808.174,64,,

808.851,62,,

809.528,60,,

810.205,84,,

810.883,67,,

811.56,80,,

812.237,72,,

812.914,47,,

813.591,49,,

814.269,59,,

814.946,56,,

815.623,71,,

816.3,74,,

816.977,54,,

817.655,60,,

818.332,57,,

819.009,55,,

819.686,75,,

820.364,62,,

821.041,73,,

821.718,69,,

822.395,55,,

823.072,63,,

823.75,74,,

824.427,52,,

825.104,67,,

825.781,62,,

826.458,59,,

827.136,61,,

827.813,41,,

828.49,61,,

829.167,54,,

829.844,59,,

830.522,59,,

831.199,66,,

831.876,56,,

832.553,61,,

833.231,63,,

833.908,54,,

834.585,61,,

835.262,69,,

835.939,67,,

836.617,54,,

837.294,75,,

837.971,52,,

838.648,70,,

839.325,71,,

840.003,50,,

840.68,56,,

841.357,58,,

842.034,70,,

842.711,51,,

843.389,65,,

844.066,53,,

844.743,46,,

845.42,67,,

846.098,64,,

846.775,68,,

847.452,56,,

848.129,63,,

848.806,65,,

849.484,63,,

850.161,62,,

850.838,56,,

851.515,53,,

852.192,67,,

852.87,59,,

853.547,61,,

854.224,54,,

854.901,75,,

855.578,67,,

856.256,60,,

856.933,60,,

857.61,61,,

858.287,38,,

858.965,53,,

859.642,55,,

860.319,47,,

860.996,54,,

861.673,58,,

862.351,47,,

863.028,57,,

863.705,57,,

864.382,54,,

865.059,60,,

865.737,69,,

866.414,46,,

867.091,57,,

867.768,53,,

868.445,59,,

869.123,52,,

869.8,58,,

870.477,49,,

871.154,52,,

871.832,44,,

872.509,59,,

873.186,61,,

873.863,58,,

874.54,61,,

875.218,67,,

875.895,42,,

876.572,73,,

877.249,54,,

877.926,57,,

878.604,59,,

879.281,55,,

879.958,59,,

880.635,65,,

881.312,65,,

881.99,57,,

882.667,48,,

883.344,50,,

884.021,60,,

884.699,55,,

885.376,57,,

886.053,75,,

886.73,59,,

887.407,64,,

888.085,67,,

888.762,55,,

889.439,65,,

890.116,58,,

890.793,41,,

891.471,52,,

892.148,45,,

892.825,67,,

893.502,57,,

894.18,52,,

894.857,50,,

895.534,67,,

896.211,58,,

896.888,48,,

897.566,51,,

898.243,52,,

898.92,61,,

899.597,46,,

900.274,41,,

900.952,52,,

901.629,61,,

902.306,58,,

902.983,67,,

903.66,52,,

904.338,59,,

905.015,56,,

905.692,48,,

906.369,47,,

907.047,66,,

907.724,59,,

908.401,48,,

909.078,51,,

909.755,61,,

910.433,53,,

911.11,57,,

911.787,60,,

912.464,43,,

913.141,46,,

913.819,53,,

914.496,40,,

915.173,53,,

915.85,53,,

916.527,45,,

917.205,42,,

917.882,57,,

918.559,48,,

919.236,56,,

919.914,37,,

920.591,55,,

921.268,49,,

921.945,56,,

922.622,55,,

923.3,53,,

923.977,50,,

924.654,59,,

925.331,64,,

926.008,60,,

926.686,48,,

927.363,42,,

928.04,38,,

928.717,57,,

929.394,39,,

930.072,76,,

930.749,57,,

931.426,40,,

932.103,44,,

932.781,72,,

933.458,64,,

934.135,72,,

934.812,74,,

935.489,53,,

936.167,33,,

936.844,51,,

937.521,62,,

938.198,53,,

938.875,59,,

939.553,47,,

940.23,62,,

940.907,48,,

941.584,50,,

942.261,54,,

942.939,55,,

943.616,48,,

944.293,48,,

944.97,58,,

945.648,45,,

946.325,53,,

947.002,50,,

947.679,51,,

948.356,65,,

949.034,51,,

949.711,33,,

950.388,54,,

951.065,54,,

951.742,42,,

952.42,63,,

953.097,64,,

953.774,56,,

954.451,47,,

955.128,37,,

955.806,50,,

956.483,51,,

957.16,54,,

957.837,54,,

958.515,51,,

959.192,48,,

959.869,56,,

960.546,63,,

961.223,69,,

961.901,55,,

962.578,66,,

963.255,54,,

963.932,62,,

964.609,54,,

965.287,44,,

965.964,39,,

966.641,45,,

967.318,62,,

967.995,53,,

968.673,57,,

969.35,48,,

970.027,61,,

970.704,48,,

971.382,41,,

972.059,47,,

972.736,55,,

973.413,48,,

974.09,57,,

974.768,54,,

975.445,51,,

976.122,30,,

976.799,69,,

977.476,63,,

978.154,36,,

978.831,50,,

979.508,47,,

980.185,46,,

980.862,49,,

981.54,47,,

982.217,49,,

982.894,49,,

983.571,59,,

984.249,50,,

984.926,30,,

985.603,39,,

986.28,50,,

986.957,57,,

987.635,45,,

988.312,51,,

988.989,41,,

989.666,48,,

990.343,57,,

991.021,50,,

991.698,39,,

992.375,57,,

993.052,61,,

993.729,39,,

994.407,43,,

995.084,47,,

995.761,54,,

996.438,55,,

997.116,58,,

997.793,51,,

998.47,48,,

999.147,65,,

999.824,53,,

1000.5,48,,

1001.18,58,,

1001.86,35,,

1002.53,61,,

1003.21,48,,

1003.89,43,,

1004.56,56,,

1005.24,55,,

1005.92,45,,

1006.6,51,,

1007.27,55,,

1007.95,35,,

1008.63,52,,

1009.31,53,,

1009.98,32,,

1010.66,47,,

1011.34,53,,

1012.01,53,,

1012.69,50,,

1013.37,39,,

1014.05,48,,

1014.72,37,,

1015.4,63,,

1016.08,53,,

1016.75,50,,

1017.43,53,,

1018.11,44,,

1018.79,60,,

1019.46,43,,

1020.14,55,,

1020.82,36,,

1021.5,44,,

1022.17,42,,

1022.85,55,,

1023.53,44,,

1024.2,49,,

1024.88,41,,

1025.56,41,,

1026.24,43,,

1026.91,37,,

1027.59,43,,

1028.27,50,,

1028.94,35,,

1029.62,51,,

1030.3,47,,

1030.98,36,,

1031.65,40,,

1032.33,36,,

1033.01,44,,

1033.68,57,,

1034.36,40,,

1035.04,46,,

1035.72,59,,

1036.39,38,,

1037.07,47,,

1037.75,38,,

1038.43,44,,

1039.1,41,,

1039.78,50,,

1040.46,48,,

1041.13,53,,

1041.81,60,,

1042.49,56,,

1043.17,49,,

1043.84,52,,

1044.52,47,,

1045.2,50,,

1045.87,45,,

1046.55,57,,

1047.23,52,,

1047.91,39,,

1048.58,42,,

1049.26,51,,

1049.94,41,,

1050.62,46,,

1051.29,45,,

1051.97,39,,

1052.65,44,,

1053.32,58,,

1054,51,,

1054.68,38,,

1055.36,49,,

1056.03,44,,

1056.71,53,,

1057.39,56,,

1058.06,55,,

1058.74,54,,

1059.42,39,,

1060.1,49,,

1060.77,34,,

1061.45,48,,

1062.13,47,,

1062.81,51,,

1063.48,45,,

1064.16,42,,

1064.84,37,,

1065.51,30,,

1066.19,43,,

1066.87,44,,

1067.55,34,,

1068.22,38,,

1068.9,43,,

1069.58,48,,

1070.25,53,,

1070.93,43,,

1071.61,36,,

1072.29,43,,

1072.96,44,,

1073.64,33,,

1074.32,39,,

1074.99,42,,

1075.67,39,,

1076.35,38,,

1077.03,45,,

1077.7,58,,

1078.38,42,,

1079.06,47,,

1079.74,42,,

1080.41,66,,

1081.09,52,,

1081.77,38,,

1082.44,43,,

1083.12,40,,

1083.8,46,,

1084.48,56,,

1085.15,51,,

1085.83,43,,

1086.51,59,,

1087.18,44,,

1087.86,42,,

1088.54,55,,

1089.22,39,,

1089.89,42,,

1090.57,60,,

1091.25,56,,

1091.93,46,,

1092.6,53,,

1093.28,51,,

1093.96,50,,

1094.63,44,,

1095.31,28,,

1095.99,48,,

1096.67,33,,

1097.34,46,,

1098.02,52,,

1098.7,38,,

1099.37,38,,

1100.05,36,,

1100.73,38,,

1101.41,43,,

1102.08,39,,

1102.76,46,,

1103.44,48,,

1104.11,37,,

1104.79,35,,

1105.47,38,,

1106.15,34,,

1106.82,43,,

1107.5,45,,

1108.18,39,,

1108.86,49,,

1109.53,38,,

1110.21,36,,

1110.89,42,,

1111.56,34,,

1112.24,43,,

1112.92,44,,

1113.6,52,,

1114.27,47,,

1114.95,40,,

1115.63,54,,

1116.3,43,,

1116.98,54,,

1117.66,46,,

1118.34,44,,

1119.01,77,,

1119.69,95,,

1120.37,109,,

1121.05,51,,

1121.72,50,,

1122.4,39,,

1123.08,42,,

1123.75,44,,

1124.43,37,,

1125.11,45,,

1125.79,32,,

1126.46,45,,

1127.14,43,,

1127.82,40,,

1128.49,45,,

1129.17,46,,

1129.85,29,,

1130.53,38,,

1131.2,39,,

1131.88,41,,

1132.56,46,,

1133.23,42,,

1133.91,34,,

1134.59,50,,

1135.27,45,,

1135.94,49,,

1136.62,47,,

1137.3,47,,

1137.98,44,,

1138.65,37,,

1139.33,42,,

1140.01,44,,

1140.68,46,,

1141.36,55,,

1142.04,47,,

1142.72,45,,

1143.39,38,,

1144.07,35,,

1144.75,32,,

1145.42,43,,

1146.1,34,,

1146.78,43,,

1147.46,40,,

1148.13,44,,

1148.81,44,,

1149.49,41,,

1150.17,40,,

1150.84,41,,

1151.52,40,,

1152.2,45,,

1152.87,39,,

1153.55,41,,

1154.23,50,,

1154.91,53,,

1155.58,41,,

1156.26,52,,

1156.94,39,,

1157.61,42,,

1158.29,41,,

1158.97,39,,

1159.65,44,,

1160.32,40,,

1161,35,,

1161.68,41,,

1162.35,36,,

1163.03,44,,

1163.71,37,,

1164.39,38,,

1165.06,38,,

1165.74,44,,

1166.42,35,,

1167.1,48,,

1167.77,39,,

1168.45,31,,

1169.13,43,,

1169.8,33,,

1170.48,41,,

1171.16,39,,

1171.84,50,,

1172.51,39,,

1173.19,36,,

1173.87,35,,

1174.54,53,,

1175.22,34,,

1175.9,49,,

1176.58,36,,

1177.25,32,,

1177.93,44,,

1178.61,39,,

1179.29,42,,

1179.96,45,,

1180.64,33,,

1181.32,39,,

1181.99,43,,

1182.67,25,,

1183.35,48,,

1184.03,36,,

1184.7,47,,

1185.38,31,,

1186.06,37,,

1186.73,38,,

1187.41,37,,

1188.09,33,,

1188.77,30,,

1189.44,27,,

1190.12,42,,

1190.8,37,,

1191.48,35,,

1192.15,33,,

1192.83,44,,

1193.51,41,,

1194.18,44,,

1194.86,40,,

1195.54,42,,

1196.22,43,,

1196.89,37,,

1197.57,40,,

1198.25,47,,

1198.92,35,,

1199.6,37,,

1200.28,48,,

1200.96,43,,

1201.63,45,,

1202.31,33,,

1202.99,28,,

1203.66,41,,

1204.34,47,,

1205.02,47,,

1205.7,33,,

1206.37,51,,

1207.05,30,,

1207.73,44,,

1208.41,38,,

1209.08,36,,

1209.76,42,,

1210.44,48,,

1211.11,40,,

1211.79,43,,

1212.47,42,,

1213.15,29,,

1213.82,36,,

1214.5,30,,

1215.18,38,,

1215.85,45,,

1216.53,38,,

1217.21,41,,

1217.89,47,,

1218.56,42,,

1219.24,41,,

1219.92,34,,

1220.6,43,,

1221.27,34,,

1221.95,41,,

1222.63,42,,

1223.3,29,,

1223.98,43,,

1224.66,37,,

1225.34,36,,

1226.01,45,,

1226.69,39,,

1227.37,35,,

1228.04,38,,

1228.72,45,,

1229.4,33,,

1230.08,31,,

1230.75,40,,

1231.43,45,,

1232.11,42,,

1232.78,45,,

1233.46,42,,

1234.14,34,,

1234.82,47,,

1235.49,39,,

1236.17,36,,

1236.85,50,,

1237.53,73,,

1238.2,56,,

1238.88,54,,

1239.56,45,,

1240.23,35,,

1240.91,46,,

1241.59,33,,

1242.27,26,,

1242.94,44,,

1243.62,29,,

1244.3,44,,

1244.97,26,,

1245.65,35,,

1246.33,37,,

1247.01,40,,

1247.68,35,,

1248.36,35,,

1249.04,32,,

1249.72,25,,

1250.39,35,,

1251.07,42,,

1251.75,34,,

1252.42,36,,

1253.1,32,,

1253.78,44,,

1254.46,33,,

1255.13,44,,

1255.81,26,,

1256.49,32,,

1257.16,32,,

1257.84,32,,

1258.52,26,,

1259.2,43,,

1259.87,42,,

1260.55,38,,

1261.23,25,,

1261.91,28,,

1262.58,33,,

1263.26,34,,

1263.94,38,,

1264.61,41,,

1265.29,43,,

1265.97,31,,

1266.65,42,,

1267.32,37,,

1268,37,,

1268.68,34,,

1269.35,46,,

1270.03,41,,

1270.71,40,,

1271.39,49,,

1272.06,41,,

1272.74,31,,

1273.42,34,,

1274.09,36,,

1274.77,37,,

1275.45,27,,

1276.13,33,,

1276.8,29,,

1277.48,34,,

1278.16,39,,

1278.84,38,,

1279.51,24,,

1280.19,39,,

1280.87,48,,

1281.54,47,,

1282.22,34,,

1282.9,49,,

1283.58,37,,

1284.25,37,,

1284.93,34,,

1285.61,27,,

1286.28,27,,

1286.96,34,,

1287.64,32,,

1288.32,31,,

1288.99,31,,

1289.67,31,,

1290.35,40,,

1291.03,28,,

1291.7,32,,

1292.38,34,,

1293.06,28,,

1293.73,32,,

1294.41,39,,

1295.09,33,,

1295.77,37,,

1296.44,36,,

1297.12,42,,

1297.8,32,,

1298.47,39,,

1299.15,26,,

1299.83,30,,

1300.51,27,,

1301.18,41,,

1301.86,26,,

1302.54,37,,

1303.21,54,,

1303.89,34,,

1304.57,32,,

1305.25,26,,

1305.92,32,,

1306.6,40,,

1307.28,34,,

1307.96,33,,

1308.63,38,,

1309.31,34,,

1309.99,40,,

1310.66,29,,

1311.34,25,,

1312.02,22,,

1312.7,29,,

1313.37,34,,

1314.05,35,,

1314.73,37,,

1315.4,28,,

1316.08,34,,

1316.76,37,,

1317.44,30,,

1318.11,30,,

1318.79,30,,

1319.47,31,,

1320.15,30,,

1320.82,37,,

1321.5,25,,

1322.18,31,,

1322.85,22,,

1323.53,29,,

1324.21,25,,

1324.89,33,,

1325.56,26,,

1326.24,26,,

1326.92,27,,

1327.59,35,,

1328.27,37,,

1328.95,31,,

1329.63,31,,

1330.3,36,,

1330.98,32,,

1331.66,31,,

1332.33,26,,

1333.01,30,,

1333.69,31,,

1334.37,25,,

1335.04,28,,

1335.72,40,,

1336.4,33,,

1337.08,19,,

1337.75,33,,

1338.43,29,,

1339.11,32,,

1339.78,37,,

1340.46,29,,

1341.14,21,,

1341.82,27,,

1342.49,34,,

1343.17,32,,

1343.85,28,,

1344.52,33,,

1345.2,31,,

1345.88,30,,

1346.56,26,,

1347.23,34,,

1347.91,33,,

1348.59,34,,

1349.27,24,,

1349.94,33,,

1350.62,31,,

1351.3,32,,

1351.97,23,,

1352.65,32,,

1353.33,30,,

1354.01,24,,

1354.68,22,,

1355.36,30,,

1356.04,36,,

1356.71,36,,

1357.39,32,,

1358.07,32,,

1358.75,43,,

1359.42,21,,

1360.1,36,,

1360.78,38,,

1361.45,32,,

1362.13,30,,

1362.81,37,,

1363.49,33,,

1364.16,34,,

1364.84,23,,

1365.52,29,,

1366.2,37,,

1366.87,25,,

1367.55,31,,

1368.23,29,,

1368.9,23,,

1369.58,28,,

1370.26,31,,

1370.94,26,,

1371.61,30,,

1372.29,38,,

1372.97,34,,

1373.64,28,,

1374.32,21,,

1375,31,,

1375.68,41,,

1376.35,52,,

1377.03,50,,

1377.71,42,,

1378.39,38,,

1379.06,27,,

1379.74,35,,

1380.42,22,,

1381.09,29,,

1381.77,30,,

1382.45,37,,

1383.13,27,,

1383.8,36,,

1384.48,27,,

1385.16,33,,

1385.83,39,,

1386.51,26,,

1387.19,20,,

1387.87,23,,

1388.54,27,,

1389.22,29,,

1389.9,27,,

1390.58,28,,

1391.25,31,,

1391.93,25,,

1392.61,27,,

1393.28,21,,

1393.96,36,,

1394.64,26,,

1395.32,22,,

1395.99,25,,

1396.67,35,,

1397.35,31,,

1398.02,20,,

1398.7,27,,

1399.38,32,,

1400.06,24,,

1400.73,38,,

1401.41,47,,

1402.09,26,,

1402.76,27,,

1403.44,25,,

1404.12,34,,

1404.8,39,,

1405.47,24,,

1406.15,27,,

1406.83,40,,

1407.51,42,,

1408.18,44,,

1408.86,36,,

1409.54,37,,

1410.21,33,,

1410.89,23,,

1411.57,21,,

1412.25,29,,

1412.92,20,,

1413.6,28,,

1414.28,24,,

1414.95,28,,

1415.63,20,,

1416.31,22,,

1416.99,30,,

1417.66,27,,

1418.34,35,,

1419.02,24,,

1419.7,30,,

1420.37,28,,

1421.05,24,,

1421.73,34,,

1422.4,24,,

1423.08,37,,

1423.76,36,,

1424.44,21,,

1425.11,30,,

1425.79,28,,

1426.47,24,,

1427.14,23,,

1427.82,34,,

1428.5,26,,

1429.18,38,,

1429.85,35,,

1430.53,35,,

1431.21,28,,

1431.88,19,,

1432.56,28,,

1433.24,28,,

1433.92,24,,

1434.59,32,,

1435.27,31,,

1435.95,35,,

1436.63,28,,

1437.3,32,,

1437.98,31,,

1438.66,20,,

1439.33,40,,

1440.01,20,,

1440.69,28,,

1441.37,28,,

1442.04,32,,

1442.72,21,,

1443.4,30,,

1444.07,21,,

1444.75,26,,

1445.43,31,,

1446.11,24,,

1446.78,27,,

1447.46,27,,

1448.14,29,,

1448.82,26,,

1449.49,32,,

1450.17,28,,

1450.85,26,,

1451.52,29,,

1452.2,29,,

1452.88,18,,

1453.56,32,,

1454.23,33,,

1454.91,28,,

1455.59,22,,

1456.26,23,,

1456.94,31,,

1457.62,29,,

1458.3,28,,

1458.97,47,,

1459.65,122,,

1460.33,203,,

1461.01,174,,

1461.68,87,,

1462.36,30,,

1463.04,37,,

1463.71,26,,

1464.39,24,,

1465.07,21,,

1465.75,32,,

1466.42,27,,

1467.1,28,,

1467.78,26,,

1468.45,25,,

1469.13,27,,

1469.81,19,,

1470.49,42,,

1471.16,26,,

1471.84,21,,

1472.52,22,,

1473.19,21,,

1473.87,23,,

1474.55,25,,

1475.23,24,,

1475.9,20,,

1476.58,32,,

1477.26,15,,

1477.94,27,,

1478.61,27,,

1479.29,19,,

1479.97,17,,

1480.64,17,,

1481.32,28,,

1482,24,,

1482.68,20,,

1483.35,23,,

1484.03,29,,

1484.71,31,,

1485.38,28,,

1486.06,36,,

1486.74,22,,

1487.42,29,,

1488.09,21,,

1488.77,17,,

1489.45,27,,

1490.12,22,,

1490.8,15,,

1491.48,25,,

1492.16,22,,

1492.83,29,,

1493.51,27,,

1494.19,21,,

1494.87,30,,

1495.54,29,,

1496.22,19,,

1496.9,28,,

1497.57,23,,

1498.25,20,,

1498.93,21,,

1499.61,26,,

1500.28,28,,

1500.96,28,,

1501.64,33,,

1502.31,29,,

1502.99,26,,

1503.67,22,,

1504.35,31,,

1505.02,21,,

1505.7,29,,

1506.38,24,,

1507.06,23,,

1507.73,31,,

1508.41,33,,

1509.09,29,,

1509.76,26,,

1510.44,21,,

1511.12,27,,

1511.8,23,,

1512.47,25,,

1513.15,29,,

1513.83,29,,

1514.5,28,,

1515.18,20,,

1515.86,21,,

1516.54,22,,

1517.21,24,,

1517.89,20,,

1518.57,23,,

1519.25,25,,

1519.92,25,,

1520.6,20,,

1521.28,19,,

1521.95,30,,

1522.63,18,,

1523.31,17,,

1523.99,28,,

1524.66,31,,

1525.34,18,,

1526.02,17,,

1526.69,29,,

1527.37,21,,

1528.05,23,,

1528.73,20,,

1529.4,15,,

1530.08,23,,

1530.76,29,,

1531.43,23,,

1532.11,31,,

1532.79,23,,

1533.47,24,,

1534.14,22,,

1534.82,37,,

1535.5,36,,

1536.18,23,,

1536.85,22,,

1537.53,24,,

1538.21,34,,

1538.88,21,,

1539.56,26,,

1540.24,21,,

1540.92,13,,

1541.59,26,,

1542.27,25,,

1542.95,27,,

1543.62,34,,

1544.3,29,,

1544.98,17,,

1545.66,25,,

1546.33,16,,

1547.01,29,,

1547.69,26,,

1548.37,22,,

1549.04,32,,

1549.72,14,,

1550.4,18,,

1551.07,16,,

1551.75,27,,

1552.43,21,,

1553.11,28,,

1553.78,22,,

1554.46,26,,

1555.14,34,,

1555.81,20,,

1556.49,24,,

1557.17,18,,

1557.85,17,,

1558.52,24,,

1559.2,23,,

1559.88,29,,

1560.55,18,,

1561.23,30,,

1561.91,22,,

1562.59,20,,

1563.26,26,,

1563.94,24,,

1564.62,17,,

1565.3,24,,

1565.97,21,,

1566.65,20,,

1567.33,18,,

1568,17,,

1568.68,30,,

1569.36,11,,

1570.04,28,,

1570.71,17,,

1571.39,28,,

1572.07,23,,

1572.74,25,,

1573.42,19,,

1574.1,22,,

1574.78,21,,

1575.45,21,,

1576.13,18,,

1576.81,18,,

1577.49,27,,

1578.16,31,,

1578.84,28,,

1579.52,25,,

1580.19,26,,

1580.87,30,,

1581.55,24,,

1582.23,30,,

1582.9,21,,

1583.58,24,,

1584.26,20,,

1584.93,23,,

1585.61,25,,

1586.29,25,,

1586.97,38,,

1587.64,29,,

1588.32,30,,

1589,21,,

1589.68,23,,

1590.35,25,,

1591.03,42,,

1591.71,22,,

1592.38,49,,

1593.06,25,,

1593.74,25,,

1594.42,15,,

1595.09,32,,

1595.77,26,,

1596.45,19,,

1597.12,25,,

1597.8,16,,

1598.48,24,,

1599.16,18,,

1599.83,14,,

1600.51,21,,

1601.19,20,,

1601.86,12,,

1602.54,19,,

1603.22,19,,

1603.9,13,,

1604.57,21,,

1605.25,21,,

1605.93,27,,

1606.61,17,,

1607.28,31,,

1607.96,14,,

1608.64,17,,

1609.31,21,,

1609.99,21,,

1610.67,19,,

1611.35,23,,

1612.02,25,,

1612.7,24,,

1613.38,19,,

1614.05,18,,

1614.73,28,,

1615.41,13,,

1616.09,20,,

1616.76,20,,

1617.44,26,,

1618.12,27,,

1618.8,26,,

1619.47,21,,

1620.15,25,,

1620.83,19,,

1621.5,30,,

1622.18,22,,

1622.86,21,,

1623.54,18,,

1624.21,20,,

1624.89,18,,

1625.57,16,,

1626.24,22,,

1626.92,17,,

1627.6,24,,

1628.28,26,,

1628.95,21,,

1629.63,19,,

1630.31,19,,

1630.98,25,,

1631.66,23,,

1632.34,23,,

1633.02,21,,

1633.69,15,,

1634.37,14,,

1635.05,27,,

1635.73,18,,

1636.4,27,,

1637.08,21,,

1637.76,21,,

1638.43,22,,

1639.11,25,,

1639.79,26,,

1640.47,24,,

1641.14,21,,

1641.82,15,,

1642.5,17,,

1643.17,17,,

1643.85,18,,

1644.53,19,,

1645.21,29,,

1645.88,20,,

1646.56,22,,

1647.24,19,,

1647.92,16,,

1648.59,24,,

1649.27,22,,

1649.95,14,,

1650.62,22,,

1651.3,19,,

1651.98,24,,

1652.66,21,,

1653.33,25,,

1654.01,14,,

1654.69,23,,

1655.36,20,,

1656.04,19,,

1656.72,21,,

1657.4,21,,

1658.07,22,,

1658.75,17,,

1659.43,21,,

1660.1,17,,

1660.78,24,,

1661.46,26,,

1662.14,18,,

1662.81,13,,

1663.49,22,,

1664.17,22,,

1664.85,16,,

1665.52,19,,

1666.2,20,,

1666.88,24,,

1667.55,27,,

1668.23,28,,

1668.91,13,,

1669.59,25,,

1670.26,16,,

1670.94,18,,

1671.62,14,,

1672.29,13,,

1672.97,27,,

1673.65,17,,

1674.33,15,,

1675,19,,

1675.68,18,,

1676.36,22,,

1677.04,28,,

1677.71,17,,

1678.39,24,,

1679.07,19,,

1679.74,24,,

1680.42,14,,

1681.1,12,,

1681.78,18,,

1682.45,19,,

1683.13,27,,

1683.81,20,,

1684.48,21,,

1685.16,15,,

1685.84,17,,

1686.52,22,,

1687.19,21,,

1687.87,30,,

1688.55,15,,

1689.22,15,,

1689.9,18,,

1690.58,19,,

1691.26,14,,

1691.93,24,,

1692.61,11,,

1693.29,17,,

1693.97,17,,

1694.64,21,,

1695.32,19,,

1696,13,,

1696.67,23,,

1697.35,17,,

1698.03,13,,

1698.71,11,,

1699.38,17,,

1700.06,19,,

1700.74,15,,

1701.41,23,,

1702.09,15,,

1702.77,22,,

1703.45,18,,

1704.12,9,,

1704.8,32,,

1705.48,23,,

1706.16,26,,

1706.83,13,,

1707.51,27,,

1708.19,25,,

1708.86,21,,

1709.54,15,,

1710.22,18,,

1710.9,21,,

1711.57,19,,

1712.25,16,,

1712.93,24,,

1713.6,16,,

1714.28,25,,

1714.96,13,,

1715.64,28,,

1716.31,23,,

1716.99,24,,

1717.67,19,,

1718.35,12,,

1719.02,21,,

1719.7,15,,

1720.38,15,,

1721.05,12,,

1721.73,16,,

1722.41,14,,

1723.09,19,,

1723.76,17,,

1724.44,20,,

1725.12,25,,

1725.79,19,,

1726.47,13,,

1727.15,19,,

1727.83,18,,

1728.5,37,,

1729.18,26,,

1729.86,25,,

1730.53,19,,

1731.21,19,,

1731.89,18,,

1732.57,29,,

1733.24,21,,

1733.92,21,,

1734.6,28,,

1735.28,9,,

1735.95,16,,

1736.63,14,,

1737.31,20,,

1737.98,20,,

1738.66,22,,

1739.34,17,,

1740.02,19,,

1740.69,11,,

1741.37,18,,

1742.05,24,,

1742.72,13,,

1743.4,19,,

1744.08,16,,

1744.76,21,,

1745.43,21,,

1746.11,15,,

1746.79,20,,

1747.47,18,,

1748.14,23,,

1748.82,14,,

1749.5,19,,

1750.17,20,,

1750.85,17,,

1751.53,19,,

1752.21,12,,

1752.88,16,,

1753.56,23,,

1754.24,17,,

1754.91,25,,

1755.59,28,,

1756.27,14,,

1756.95,17,,

1757.62,13,,

1758.3,22,,

1758.98,14,,

1759.65,16,,

1760.33,21,,

1761.01,29,,

1761.69,20,,

1762.36,46,,

1763.04,85,,

1763.72,124,,

1764.4,89,,

1765.07,54,,

1765.75,20,,

1766.43,28,,

1767.1,20,,

1767.78,21,,

1768.46,13,,

1769.14,18,,

1769.81,18,,

1770.49,25,,

1771.17,16,,

1771.84,16,,

1772.52,17,,

1773.2,23,,

1773.88,15,,

1774.55,18,,

1775.23,9,,

1775.91,17,,

1776.59,16,,

1777.26,14,,

1777.94,13,,

1778.62,21,,

1779.29,16,,

1779.97,17,,

1780.65,10,,

1781.33,16,,

1782,22,,

1782.68,15,,

1783.36,15,,

1784.03,21,,

1784.71,12,,

1785.39,16,,

1786.07,17,,

1786.74,19,,

1787.42,17,,

1788.1,16,,

1788.78,21,,

1789.45,18,,

1790.13,24,,

1790.81,22,,

1791.48,18,,

1792.16,19,,

1792.84,23,,

1793.52,9,,

1794.19,20,,

1794.87,15,,

1795.55,23,,

1796.22,19,,

1796.9,15,,

1797.58,15,,

1798.26,14,,

1798.93,14,,

1799.61,18,,

1800.29,23,,

1800.96,20,,

1801.64,17,,

1802.32,21,,

1803,18,,

1803.67,22,,

1804.35,18,,

1805.03,11,,

1805.71,15,,

1806.38,17,,

1807.06,19,,

1807.74,18,,

1808.41,16,,

1809.09,13,,

1809.77,13,,

1810.45,11,,

1811.12,12,,

1811.8,11,,

1812.48,17,,

1813.15,19,,

1813.83,16,,

1814.51,21,,

1815.19,24,,

1815.86,22,,

1816.54,17,,

1817.22,12,,

1817.9,20,,

1818.57,15,,

1819.25,21,,

1819.93,19,,

1820.6,9,,

1821.28,14,,

1821.96,21,,

1822.64,19,,

1823.31,18,,

1823.99,12,,

1824.67,18,,

1825.34,18,,

1826.02,8,,

1826.7,14,,

1827.38,24,,

1828.05,14,,

1828.73,15,,

1829.41,17,,

1830.08,12,,

1830.76,15,,

1831.44,10,,

1832.12,19,,

1832.79,18,,

1833.47,17,,

1834.15,15,,

1834.83,14,,

1835.5,17,,

1836.18,19,,

1836.86,18,,

1837.53,24,,

1838.21,17,,

1838.89,18,,

1839.57,19,,

1840.24,12,,

1840.92,13,,

1841.6,13,,

1842.27,16,,

1842.95,14,,

1843.63,12,,

1844.31,22,,

1844.98,12,,

1845.66,28,,

1846.34,29,,

1847.02,31,,

1847.69,19,,

1848.37,26,,

1849.05,15,,

1849.72,17,,

1850.4,18,,

1851.08,21,,

1851.76,16,,

1852.43,12,,

1853.11,9,,

1853.79,14,,

1854.46,16,,

1855.14,12,,

1855.82,17,,

1856.5,15,,

1857.17,15,,

1857.85,10,,

1858.53,13,,

1859.2,13,,

1859.88,14,,

1860.56,12,,

1861.24,14,,

1861.91,14,,

1862.59,14,,

1863.27,8,,

1863.95,13,,

1864.62,14,,

1865.3,18,,

1865.98,17,,

1866.65,13,,

1867.33,20,,

1868.01,15,,

1868.69,22,,

1869.36,16,,

1870.04,17,,

1870.72,13,,

1871.39,16,,

1872.07,11,,

1872.75,24,,

1873.43,14,,

1874.1,13,,

1874.78,20,,

1875.46,16,,

1876.14,19,,

1876.81,17,,

1877.49,15,,

1878.17,16,,

1878.84,12,,

1879.52,9,,

1880.2,16,,

1880.88,24,,

1881.55,20,,

1882.23,21,,

1882.91,9,,

1883.58,11,,

1884.26,17,,

1884.94,22,,

1885.62,20,,

1886.29,18,,

1886.97,13,,

1887.65,13,,

1888.32,13,,

1889,19,,

1889.68,18,,

1890.36,6,,

1891.03,10,,

1891.71,17,,

1892.39,17,,

1893.07,12,,

1893.74,14,,

1894.42,21,,

1895.1,18,,

1895.77,14,,

1896.45,10,,

1897.13,14,,

1897.81,18,,

1898.48,14,,

1899.16,13,,

1899.84,16,,

1900.51,16,,

1901.19,15,,

1901.87,19,,

1902.55,12,,

1903.22,18,,

1903.9,10,,

1904.58,20,,

1905.26,17,,

1905.93,12,,

1906.61,18,,

1907.29,20,,

1907.96,10,,

1908.64,18,,

1909.32,16,,

1910,17,,

1910.67,9,,

1911.35,13,,

1912.03,15,,

1912.7,12,,

1913.38,14,,

1914.06,12,,

1914.74,15,,

1915.41,15,,

1916.09,11,,

1916.77,19,,

1917.45,10,,

1918.12,12,,

1918.8,12,,

1919.48,18,,

1920.15,9,,

1920.83,12,,

1921.51,25,,

1922.19,18,,

1922.86,12,,

1923.54,16,,

1924.22,12,,

1924.89,18,,

1925.57,22,,

1926.25,16,,

1926.93,21,,

1927.6,14,,

1928.28,15,,

1928.96,12,,

1929.63,14,,

1930.31,15,,

1930.99,15,,

1931.67,6,,

1932.34,9,,

1933.02,12,,

1933.7,19,,

1934.38,13,,

1935.05,22,,

1935.73,13,,

1936.41,14,,

1937.08,15,,

1937.76,18,,

1938.44,14,,

1939.12,14,,

1939.79,18,,

1940.47,9,,

1941.15,9,,

1941.82,13,,

1942.5,12,,

1943.18,7,,

1943.86,9,,

1944.53,14,,

1945.21,17,,

1945.89,14,,

1946.57,15,,

1947.24,14,,

1947.92,11,,

1948.6,13,,

1949.27,22,,

1949.95,12,,

1950.63,15,,

1951.31,15,,

1951.98,17,,

1952.66,15,,

1953.34,12,,

1954.01,13,,

1954.69,14,,

1955.37,10,,

1956.05,9,,

1956.72,11,,

1957.4,19,,

1958.08,13,,

1958.75,16,,

1959.43,8,,

1960.11,14,,

1960.79,17,,

1961.46,14,,

1962.14,11,,

1962.82,17,,

1963.5,15,,

1964.17,12,,

1964.85,17,,

1965.53,26,,

1966.2,18,,

1966.88,17,,

1967.56,11,,

1968.24,19,,

1968.91,10,,

1969.59,14,,

1970.27,14,,

1970.94,11,,

1971.62,17,,

1972.3,15,,

1972.98,17,,

1973.65,17,,

1974.33,14,,

1975.01,14,,

1975.69,12,,

1976.36,15,,

1977.04,8,,

1977.72,18,,

1978.39,14,,

1979.07,10,,

1979.75,9,,

1980.43,14,,

1981.1,12,,

1981.78,14,,

1982.46,13,,

1983.13,19,,

1983.81,14,,

1984.49,20,,

1985.17,12,,

1985.84,8,,

1986.52,11,,

1987.2,18,,

1987.88,13,,

1988.55,7,,

1989.23,21,,

1989.91,13,,

1990.58,17,,

1991.26,16,,

1991.94,15,,

1992.62,13,,

1993.29,14,,

1993.97,16,,

1994.65,19,,

1995.32,5,,

1996,16,,

1996.68,17,,

1997.36,9,,

1998.03,12,,

1998.71,18,,

1999.39,9,,

2000.06,14,,

2000.74,18,,

2001.42,7,,

2002.1,12,,

2002.77,17,,

2003.45,15,,

2004.13,21,,

2004.81,19,,

2005.48,10,,

2006.16,15,,

2006.84,16,,

2007.51,15,,

2008.19,10,,

2008.87,17,,

2009.55,12,,

2010.22,13,,

2010.9,9,,

2011.58,9,,

2012.25,18,,

2012.93,17,,

2013.61,8,,

2014.29,20,,

2014.96,12,,

2015.64,14,,

2016.32,16,,

2016.99,14,,

2017.67,17,,

2018.35,15,,

2019.03,13,,

2019.7,14,,

2020.38,13,,

2021.06,16,,

2021.74,11,,

2022.41,11,,

2023.09,14,,

2023.77,17,,

2024.44,17,,

2025.12,14,,

2025.8,12,,

2026.48,19,,

2027.15,7,,

2027.83,15,,

2028.51,9,,

2029.18,14,,

2029.86,14,,

2030.54,11,,

2031.22,13,,

2031.89,10,,

2032.57,10,,

2033.25,20,,

2033.93,23,,

2034.6,16,,

2035.28,12,,

2035.96,17,,

2036.63,13,,

2037.31,8,,

2037.99,11,,

2038.67,13,,

2039.34,17,,

2040.02,10,,

2040.7,13,,

2041.37,15,,

2042.05,14,,

2042.73,15,,

2043.41,12,,

2044.08,9,,

2044.76,15,,

2045.44,14,,

2046.12,6,,

2046.79,15,,

2047.47,14,,

2048.15,12,,

2048.82,10,,

2049.5,12,,

2050.18,15,,

2050.86,11,,

2051.53,19,,

2052.21,11,,

2052.89,10,,

2053.56,15,,

2054.24,17,,

2054.92,14,,

2055.6,15,,

2056.27,15,,

2056.95,11,,

2057.63,9,,

2058.3,21,,

2058.98,10,,

2059.66,13,,

2060.34,14,,

2061.01,14,,

2061.69,12,,

2062.37,11,,

2063.05,19,,

2063.72,13,,

2064.4,13,,

2065.08,19,,

2065.75,10,,

2066.43,11,,

2067.11,8,,

2067.79,12,,

2068.46,15,,

2069.14,9,,

2069.82,12,,

2070.49,23,,

2071.17,14,,

2071.85,10,,

2072.53,18,,

2073.2,10,,

2073.88,19,,

2074.56,13,,

2075.24,13,,

2075.91,15,,

2076.59,15,,

2077.27,13,,

2077.94,15,,

2078.62,11,,

2079.3,17,,

2079.98,12,,

2080.65,9,,

2081.33,15,,

2082.01,12,,

2082.68,22,,

2083.36,17,,

2084.04,14,,

2084.72,22,,

2085.39,14,,

2086.07,12,,

2086.75,12,,

2087.43,9,,

2088.1,11,,

2088.78,10,,

2089.46,12,,

2090.13,4,,

2090.81,11,,

2091.49,11,,

2092.17,10,,

2092.84,17,,

2093.52,12,,

2094.2,9,,

2094.87,17,,

2095.55,15,,

2096.23,17,,

2096.91,10,,

2097.58,17,,

2098.26,16,,

2098.94,13,,

2099.61,10,,

2100.29,22,,

2100.97,19,,

2101.65,24,,

2102.32,28,,

2103,22,,

2103.68,21,,

2104.36,14,,

2105.03,15,,

2105.71,12,,

2106.39,9,,

2107.06,16,,

2107.74,18,,

2108.42,15,,

2109.1,9,,

2109.77,10,,

2110.45,15,,

2111.13,15,,

2111.8,11,,

2112.48,7,,

2113.16,13,,

2113.84,15,,

2114.51,9,,

2115.19,13,,

2115.87,9,,

2116.54,13,,

2117.22,28,,

2117.9,20,,

2118.58,12,,

2119.25,13,,

2119.93,14,,

2120.61,8,,

2121.29,15,,

2121.96,12,,

2122.64,6,,

2123.32,13,,

2123.99,10,,

2124.67,17,,

2125.35,12,,

2126.03,16,,

2126.7,7,,

2127.38,9,,

2128.06,11,,

2128.73,13,,

2129.41,11,,

2130.09,10,,

2130.77,5,,

2131.44,16,,

2132.12,15,,

2132.8,10,,

2133.48,8,,

2134.15,17,,

2134.83,16,,

2135.51,17,,

2136.18,15,,

2136.86,13,,

2137.54,10,,

2138.22,12,,

2138.89,13,,

2139.57,14,,

2140.25,11,,

2140.92,11,,

2141.6,15,,

2142.28,12,,

2142.96,11,,

2143.63,13,,

2144.31,16,,

2144.99,6,,

2145.67,11,,

2146.34,13,,

2147.02,13,,

2147.7,14,,

2148.37,7,,

2149.05,11,,

2149.73,9,,

2150.41,18,,

2151.08,18,,

2151.76,14,,

2152.44,12,,

2153.11,18,,

2153.79,15,,

2154.47,14,,

2155.15,9,,

2155.82,10,,

2156.5,19,,

2157.18,11,,

2157.85,8,,

2158.53,5,,

2159.21,18,,

2159.89,11,,

2160.56,7,,

2161.24,16,,

2161.92,16,,

2162.6,12,,

2163.27,17,,

2163.95,11,,

2164.63,11,,

2165.3,12,,

2165.98,17,,

2166.66,9,,

2167.34,10,,

2168.01,11,,

2168.69,9,,

2169.37,11,,

2170.04,9,,

2170.72,20,,

2171.4,13,,

2172.08,9,,

2172.75,15,,

2173.43,8,,

2174.11,21,,

2174.79,14,,

2175.46,5,,

2176.14,8,,

2176.82,13,,

2177.49,14,,

2178.17,15,,

2178.85,11,,

2179.53,12,,

2180.2,15,,

2180.88,10,,

2181.56,15,,

2182.23,12,,

2182.91,19,,

2183.59,9,,

2184.27,11,,

2184.94,18,,

2185.62,15,,

2186.3,16,,

2186.97,11,,

2187.65,10,,

2188.33,2,,

2189.01,9,,

2189.68,12,,

2190.36,9,,

2191.04,18,,

2191.72,10,,

2192.39,7,,

2193.07,10,,

2193.75,17,,

2194.42,15,,

2195.1,13,,

2195.78,16,,

2196.46,13,,

2197.13,10,,

2197.81,4,,

2198.49,11,,

2199.16,16,,

2199.84,15,,

2200.52,13,,

2201.2,24,,

2201.87,36,,

2202.55,43,,

2203.23,34,,

2203.91,25,,

2204.58,13,,

2205.26,17,,

2205.94,12,,

2206.61,15,,

2207.29,18,,

2207.97,12,,

2208.65,11,,

2209.32,9,,

2210,10,,

2210.68,13,,

2211.35,16,,

2212.03,7,,

2212.71,16,,

2213.39,13,,

2214.06,10,,

2214.74,7,,

2215.42,6,,

2216.09,12,,

2216.77,14,,

2217.45,12,,

2218.13,9,,

2218.8,14,,

2219.48,11,,

2220.16,14,,

2220.84,11,,

2221.51,9,,

2222.19,12,,

2222.87,11,,

2223.54,12,,

2224.22,11,,

2224.9,9,,

2225.58,12,,

2226.25,6,,

2226.93,8,,

2227.61,13,,

2228.28,13,,

2228.96,13,,

2229.64,11,,

2230.32,13,,

2230.99,10,,

2231.67,10,,

2232.35,7,,

2233.03,11,,

2233.7,13,,

2234.38,8,,

2235.06,12,,

2235.73,5,,

2236.41,14,,

2237.09,9,,

2237.77,8,,

2238.44,9,,

2239.12,10,,

2239.8,8,,

2240.47,11,,

2241.15,15,,

2241.83,19,,

2242.51,8,,

2243.18,16,,

2243.86,18,,

2244.54,9,,

2245.22,7,,

2245.89,20,,

2246.57,10,,

2247.25,19,,

2247.92,11,,

2248.6,12,,

2249.28,11,,

2249.96,8,,

2250.63,8,,

2251.31,11,,

2251.99,11,,

2252.66,11,,

2253.34,19,,

2254.02,11,,

2254.7,12,,

2255.37,15,,

2256.05,8,,

2256.73,10,,

2257.4,16,,

2258.08,10,,

2258.76,16,,

2259.44,11,,

2260.11,4,,

2260.79,8,,

2261.47,7,,

2262.15,15,,

2262.82,9,,

2263.5,10,,

2264.18,8,,

2264.85,14,,

2265.53,9,,

2266.21,9,,

2266.89,8,,

2267.56,13,,

2268.24,15,,

2268.92,13,,

2269.59,11,,

2270.27,16,,

2270.95,11,,

2271.63,16,,

2272.3,18,,

2272.98,18,,

2273.66,8,,

2274.34,6,,

2275.01,8,,

2275.69,14,,

2276.37,14,,

2277.04,10,,

2277.72,11,,

2278.4,15,,

2279.08,17,,

2279.75,17,,

2280.43,6,,

2281.11,17,,

2281.78,9,,

2282.46,14,,

2283.14,9,,

2283.82,7,,

2284.49,10,,

2285.17,14,,

2285.85,11,,

2286.52,12,,

2287.2,8,,

2287.88,9,,

2288.56,9,,

2289.23,12,,

2289.91,15,,

2290.59,11,,

2291.27,7,,

2291.94,12,,

2292.62,15,,

2293.3,8,,

2293.97,8,,

2294.65,11,,

2295.33,12,,

2296.01,10,,

2296.68,10,,

2297.36,14,,

2298.04,7,,

2298.71,7,,

2299.39,7,,

2300.07,16,,

2300.75,14,,

2301.42,11,,

2302.1,14,,

2302.78,13,,

2303.46,24,,

2304.13,8,,

2304.81,12,,

2305.49,12,,

2306.16,11,,

2306.84,9,,

2307.52,13,,

2308.2,9,,

2308.87,9,,

2309.55,12,,

2310.23,7,,

2310.9,14,,

2311.58,12,,

2312.26,7,,

2312.94,6,,

2313.61,15,,

2314.29,11,,

2314.97,10,,

2315.65,9,,

2316.32,11,,

2317,16,,

2317.68,6,,

2318.35,7,,

2319.03,11,,

2319.71,5,,

2320.39,13,,

2321.06,14,,

2321.74,11,,

2322.42,17,,

2323.09,10,,

2323.77,13,,

2324.45,11,,

2325.13,15,,

2325.8,12,,

2326.48,10,,

2327.16,9,,

2327.83,13,,

2328.51,7,,

2329.19,16,,

2329.87,10,,

2330.54,10,,

2331.22,13,,

2331.9,9,,

2332.58,15,,

2333.25,10,,

2333.93,14,,

2334.61,10,,

2335.28,17,,

2335.96,15,,

2336.64,13,,

2337.32,12,,

2337.99,16,,

2338.67,8,,

2339.35,12,,

2340.02,7,,

2340.7,10,,

2341.38,3,,

2342.06,17,,

2342.73,10,,

2343.41,14,,

2344.09,10,,

2344.77,10,,

2345.44,7,,

2346.12,9,,

2346.8,13,,

2347.47,12,,

2348.15,11,,

2348.83,12,,

2349.51,11,,

2350.18,15,,

2350.86,15,,

2351.54,8,,

2352.21,7,,

2352.89,15,,

2353.57,15,,

2354.25,13,,

2354.92,16,,

2355.6,17,,

2356.28,14,,

2356.95,12,,

2357.63,9,,

2358.31,15,,

2358.99,7,,

2359.66,6,,

2360.34,12,,

2361.02,8,,

2361.7,6,,

2362.37,13,,

2363.05,5,,

2363.73,11,,

2364.4,10,,

2365.08,11,,

2365.76,8,,

2366.44,14,,

2367.11,5,,

2367.79,10,,

2368.47,10,,

2369.14,11,,

2369.82,11,,

2370.5,11,,

2371.18,17,,

2371.85,17,,

2372.53,13,,

2373.21,13,,

2373.89,19,,

2374.56,13,,

2375.24,13,,

2375.92,15,,

2376.59,4,,

2377.27,9,,

2377.95,13,,

2378.63,5,,

2379.3,15,,

2379.98,12,,

2380.66,9,,

2381.33,7,,

2382.01,7,,

2382.69,11,,

2383.37,11,,

2384.04,5,,

2384.72,12,,

2385.4,5,,

2386.07,9,,

2386.75,16,,

2387.43,11,,

2388.11,13,,

2388.78,9,,

2389.46,13,,

2390.14,10,,

2390.82,11,,

2391.49,5,,

2392.17,13,,

2392.85,6,,

2393.52,12,,

2394.2,10,,

2394.88,10,,

2395.56,8,,

2396.23,11,,

2396.91,12,,

2397.59,7,,

2398.26,9,,

2398.94,13,,

2399.62,13,,

2400.3,9,,

2400.97,10,,

2401.65,8,,

2402.33,8,,

2403.01,19,,

2403.68,13,,

2404.36,14,,

2405.04,8,,

2405.71,7,,

2406.39,8,,

2407.07,13,,

2407.75,11,,

2408.42,7,,

2409.1,15,,

2409.78,10,,

2410.45,16,,

2411.13,10,,

2411.81,11,,

2412.49,12,,

2413.16,6,,

2413.84,13,,

2414.52,6,,

2415.2,5,,

2415.87,13,,

2416.55,8,,

2417.23,11,,

2417.9,8,,

2418.58,11,,

2419.26,6,,

2419.94,7,,

2420.61,6,,

2421.29,10,,

2421.97,8,,

2422.64,8,,

2423.32,8,,

2424,4,,

2424.68,10,,

2425.35,8,,

2426.03,13,,

2426.71,7,,

2427.38,4,,

2428.06,12,,

2428.74,8,,

2429.42,9,,

2430.09,10,,

2430.77,6,,

2431.45,12,,

2432.13,7,,

2432.8,4,,

2433.48,11,,

2434.16,5,,

2434.83,4,,

2435.51,12,,

2436.19,8,,

2436.87,12,,

2437.54,16,,

2438.22,6,,

2438.9,10,,

2439.57,8,,

2440.25,7,,

2440.93,8,,

2441.61,7,,

2442.28,14,,

2442.96,9,,

2443.64,12,,

2444.32,10,,

2444.99,12,,

2445.67,22,,

2446.35,24,,

2447.02,20,,

2447.7,5,,

2448.38,13,,

2449.06,4,,

2449.73,5,,

2450.41,8,,

2451.09,8,,

2451.76,9,,

2452.44,11,,

2453.12,12,,

2453.8,2,,

2454.47,10,,

2455.15,10,,

2455.83,7,,

2456.5,8,,

2457.18,7,,

2457.86,8,,

2458.54,8,,

2459.21,12,,

2459.89,8,,

2460.57,8,,

2461.25,11,,

2461.92,17,,

2462.6,11,,

2463.28,8,,

2463.95,8,,

2464.63,7,,

2465.31,9,,

2465.99,4,,

2466.66,13,,

2467.34,5,,

2468.02,13,,

2468.69,11,,

2469.37,6,,

2470.05,9,,

2470.73,15,,

2471.4,15,,

2472.08,7,,

2472.76,9,,

2473.44,5,,

2474.11,8,,

2474.79,10,,

2475.47,3,,

2476.14,8,,

2476.82,5,,

2477.5,8,,

2478.18,9,,

2478.85,10,,

2479.53,9,,

2480.21,4,,

2480.88,5,,

2481.56,5,,

2482.24,12,,

2482.92,7,,

2483.59,9,,

2484.27,11,,

2484.95,3,,

2485.62,11,,

2486.3,2,,

2486.98,8,,

2487.66,4,,

2488.33,10,,

2489.01,8,,

2489.69,4,,

2490.37,7,,

2491.04,10,,

2491.72,6,,

2492.4,8,,

2493.07,6,,

2493.75,7,,

2494.43,12,,

2495.11,10,,

2495.78,8,,

2496.46,6,,

2497.14,15,,

2497.81,6,,

2498.49,7,,

2499.17,7,,

2499.85,7,,

2500.52,8,,

2501.2,6,,

2501.88,2,,

2502.56,11,,

2503.23,7,,

2503.91,9,,

2504.59,6,,

2505.26,3,,

2505.94,5,,

2506.62,5,,

2507.3,5,,

2507.97,8,,

2508.65,12,,

2509.33,9,,

2510,12,,

2510.68,6,,

2511.36,9,,

2512.04,6,,

2512.71,11,,

2513.39,8,,

2514.07,11,,

2514.74,10,,

2515.42,8,,

2516.1,10,,

2516.78,7,,

2517.45,9,,

2518.13,5,,

2518.81,5,,

2519.49,6,,

2520.16,7,,

2520.84,3,,

2521.52,9,,

2522.19,4,,

2522.87,5,,

2523.55,7,,

2524.23,8,,

2524.9,6,,

2525.58,10,,

2526.26,12,,

2526.93,6,,

2527.61,6,,

2528.29,1,,

2528.97,4,,

2529.64,6,,

2530.32,10,,

2531,11,,

2531.68,3,,

2532.35,8,,

2533.03,10,,

2533.71,8,,

2534.38,7,,

2535.06,12,,

2535.74,0,,

2536.42,2,,

2537.09,8,,

2537.77,8,,

2538.45,7,,

2539.12,8,,

2539.8,11,,

2540.48,5,,

2541.16,5,,

2541.83,12,,

2542.51,4,,

2543.19,8,,

2543.86,5,,

2544.54,4,,

2545.22,9,,

2545.9,5,,

2546.57,9,,

2547.25,6,,

2547.93,6,,

2548.61,6,,

2549.28,3,,

2549.96,5,,

2550.64,8,,

2551.31,4,,

2551.99,7,,

2552.67,10,,

2553.35,6,,

2554.02,6,,

2554.7,4,,

2555.38,7,,

2556.05,9,,

2556.73,6,,

2557.41,4,,

2558.09,9,,

2558.76,3,,

2559.44,9,,

2560.12,14,,

2560.8,4,,

2561.47,4,,

2562.15,6,,

2562.83,9,,

2563.5,13,,

2564.18,4,,

2564.86,7,,

2565.54,3,,

2566.21,10,,

2566.89,6,,

2567.57,5,,

2568.24,10,,

2568.92,2,,

2569.6,9,,

2570.28,5,,

2570.95,9,,

2571.63,7,,

2572.31,6,,

2572.99,10,,

2573.66,7,,

2574.34,8,,

2575.02,3,,

2575.69,8,,

2576.37,8,,

2577.05,5,,

2577.73,6,,

2578.4,6,,

2579.08,7,,

2579.76,4,,

2580.43,9,,

2581.11,6,,

2581.79,6,,

2582.47,8,,

2583.14,9,,

2583.82,2,,

2584.5,5,,

2585.17,10,,

2585.85,10,,

2586.53,5,,

2587.21,6,,

2587.88,16,,

2588.56,4,,

2589.24,5,,

2589.92,7,,

2590.59,7,,

2591.27,4,,

2591.95,9,,

2592.62,4,,

2593.3,7,,

2593.98,8,,

2594.66,5,,

2595.33,9,,

2596.01,10,,

2596.69,13,,

2597.36,8,,

2598.04,12,,

2598.72,11,,

2599.4,8,,

2600.07,5,,

2600.75,6,,

2601.43,10,,

2602.11,7,,

2602.78,8,,

2603.46,12,,

2604.14,5,,

2604.81,10,,

2605.49,5,,

2606.17,4,,

2606.85,7,,

2607.52,5,,

2608.2,7,,

2608.88,8,,

2609.55,5,,

2610.23,19,,

2610.91,45,,

2611.59,89,,

2612.26,142,,

2612.94,170,,

2613.62,127,,

2614.29,79,,

2614.97,29,,

2615.65,6,,

2616.33,7,,

2617,8,,

2617.68,6,,

2618.36,3,,

2619.04,7,,

2619.71,10,,

2620.39,8,,

2621.07,2,,

2621.74,12,,

2622.42,5,,

2623.1,4,,

2623.78,9,,

2624.45,12,,

2625.13,6,,

2625.81,2,,

2626.48,7,,

2627.16,9,,

2627.84,1,,

2628.52,5,,

2629.19,5,,

2629.87,6,,

2630.55,3,,

2631.23,4,,

2631.9,7,,

2632.58,5,,

2633.26,10,,

2633.93,6,,

2634.61,5,,

2635.29,8,,

2635.97,6,,

2636.64,8,,

2637.32,6,,

2638,6,,

2638.67,7,,

2639.35,7,,

2640.03,7,,

2640.71,5,,

2641.38,6,,

2642.06,3,,

2642.74,9,,

2643.42,7,,

2644.09,7,,

2644.77,10,,

2645.45,3,,

2646.12,6,,

2646.8,3,,

2647.48,8,,

2648.16,8,,

2648.83,3,,

2649.51,4,,

2650.19,5,,

2650.86,7,,

2651.54,8,,

2652.22,7,,

2652.9,6,,

2653.57,7,,

2654.25,10,,

2654.93,8,,

2655.6,2,,

2656.28,9,,

2656.96,8,,

2657.64,8,,

2658.31,8,,

2658.99,0,,

2659.67,6,,

2660.35,7,,

2661.02,3,,

2661.7,8,,

2662.38,7,,

2663.05,6,,

2663.73,8,,

2664.41,9,,

2665.09,4,,

2665.76,3,,

2666.44,7,,

2667.12,5,,

2667.79,5,,

2668.47,4,,

2669.15,4,,

2669.83,10,,

2670.5,13,,

2671.18,5,,

2671.86,6,,

2672.54,6,,

2673.21,10,,

2673.89,4,,

2674.57,5,,

2675.24,3,,

2675.92,2,,

2676.6,5,,

2677.28,5,,

2677.95,2,,

2678.63,3,,

2679.31,7,,

2679.98,7,,

2680.66,5,,

2681.34,5,,

2682.02,10,,

2682.69,10,,

2683.37,6,,

2684.05,4,,

2684.72,4,,

2685.4,6,,

2686.08,6,,

2686.76,7,,

2687.43,2,,

2688.11,5,,

2688.79,8,,

2689.47,7,,

2690.14,8,,

2690.82,2,,

2691.5,6,,

2692.17,3,,

2692.85,3,,

2693.53,2,,

2694.21,2,,

2694.88,3,,

2695.56,8,,

2696.24,3,,

2696.91,7,,

2697.59,7,,

2698.27,6,,

2698.95,8,,

2699.62,6,,

2700.3,4,,

2700.98,5,,

2701.66,9,,

2702.33,8,,

2703.01,3,,

2703.69,4,,

2704.36,4,,

2705.04,6,,

2705.72,3,,

2706.4,11,,

2707.07,4,,

2707.75,5,,

2708.43,8,,

2709.1,6,,

2709.78,7,,

2710.46,4,,

2711.14,4,,

2711.81,5,,

2712.49,7,,

2713.17,8,,

2713.84,9,,

2714.52,4,,

2715.2,4,,

2715.88,6,,

2716.55,1,,

2717.23,5,,

2717.91,6,,

2718.59,4,,

2719.26,5,,

2719.94,3,,

2720.62,9,,

2721.29,3,,

2721.97,8,,

2722.65,9,,

2723.33,6,,

2724,2,,

2724.68,4,,

2725.36,10,,

2726.03,2,,

2726.71,8,,

2727.39,4,,

2728.07,4,,

2728.74,6,,

2729.42,6,,

2730.1,8,,

2730.78,3,,

2731.45,4,,

2732.13,8,,

2732.81,3,,

2733.48,6,,

2734.16,7,,

2734.84,5,,

2735.52,6,,

2736.19,8,,

2736.87,3,,

2737.55,8,,

2738.22,6,,

2738.9,3,,

2739.58,16,,

2740.26,5,,

2740.93,6,,

2741.61,3,,

2742.29,6,,

2742.97,4,,

2743.64,9,,

2744.32,5,,

2745,4,,

2745.67,6,,

2746.35,7,,

2747.03,2,,

2747.71,8,,

2748.38,3,,

2749.06,3,,

2749.74,6,,

2750.41,3,,

2751.09,2,,

2751.77,3,,

2752.45,5,,

2753.12,6,,

2753.8,6,,

2754.48,6,,

2755.15,3,,

2755.83,4,,

2756.51,5,,

2757.19,6,,

2757.86,7,,

2758.54,5,,

2759.22,2,,

2759.9,8,,

2760.57,2,,

2761.25,2,,

2761.93,3,,

2762.6,4,,

2763.28,2,,

2763.96,4,,

2764.64,5,,

2765.31,4,,

2765.99,8,,

2766.67,13,,

2767.34,2,,

2768.02,3,,

2768.7,7,,

2769.38,2,,

2770.05,7,,

2770.73,3,,

2771.41,5,,

2772.09,4,,

2772.76,3,,

2773.44,7,,

2774.12,6,,