#Live ,3.34E+05,Real,3.35E+05

#Energy, Data,,

0.938472,62,,

1.61568,38061,,

2.29289,42922,,

2.9701,11355,,

3.64732,2737,,

4.32453,4183,,

5.00174,5243,,

5.67895,6798,,

6.35616,7941,,

7.03337,8249,,

7.71058,8138,,

8.38779,8453,,

9.065,15604,,

9.74221,35296,,

10.4194,19365,,

11.0966,8844,,

11.7738,4203,,

12.4511,2844,,

13.1283,1804,,

13.8055,1415,,

14.4827,1342,,

15.1599,1237,,

15.8371,1141,,

16.5143,1152,,

17.1915,1058,,

17.8687,1057,,

18.546,1048,,

19.2232,1005,,

19.9004,996,,

20.5776,936,,

21.2548,949,,

21.932,914,,

22.6092,858,,

23.2864,885,,

23.9636,916,,

24.6409,820,,

25.3181,858,,

25.9953,861,,

26.6725,837,,

27.3497,827,,

28.0269,809,,

28.7041,800,,

29.3813,800,,

30.0585,827,,

30.7357,767,,

31.413,804,,

32.0902,804,,

32.7674,761,,

33.4446,766,,

34.1218,776,,

34.799,731,,

35.4762,772,,

36.1534,675,,

36.8306,722,,

37.5079,732,,

38.1851,724,,

38.8623,710,,

39.5395,709,,

40.2167,766,,

40.8939,678,,

41.5711,703,,

42.2483,708,,

42.9255,691,,

43.6028,667,,

44.28,730,,

44.9572,724,,

45.6344,672,,

46.3116,666,,

46.9888,627,,

47.666,718,,

48.3432,651,,

49.0204,660,,

49.6977,648,,

50.3749,653,,

51.0521,660,,

51.7293,673,,

52.4065,640,,

53.0837,702,,

53.7609,708,,

54.4381,689,,

55.1153,664,,

55.7925,665,,

56.4698,644,,

57.147,644,,

57.8242,670,,

58.5014,699,,

59.1786,621,,

59.8558,698,,

60.533,663,,

61.2102,706,,

61.8874,659,,

62.5647,639,,

63.2419,664,,

63.9191,711,,

64.5963,639,,

65.2735,730,,

65.9507,713,,

66.6279,689,,

67.3051,667,,

67.9823,702,,

68.6596,656,,

69.3368,697,,

70.014,731,,

70.6912,679,,

71.3684,700,,

72.0456,687,,

72.7228,798,,

73.4,932,,

74.0772,711,,

74.7544,896,,

75.4317,1329,,

76.1089,888,,

76.7861,792,,

77.4633,1024,,

78.1405,882,,

78.8177,738,,

79.4949,687,,

80.1721,725,,

80.8493,682,,

81.5266,742,,

82.2038,737,,

82.881,674,,

83.5582,711,,

84.2354,816,,

84.9126,941,,

85.5898,994,,

86.267,780,,

86.9442,840,,

87.6215,980,,

88.2987,833,,

88.9759,739,,

89.6531,693,,

90.3303,789,,

91.0075,811,,

91.6847,735,,

92.3619,813,,

93.0391,875,,

93.7164,847,,

94.3936,775,,

95.0708,762,,

95.748,715,,

96.4252,772,,

97.1024,792,,

97.7796,761,,

98.4568,795,,

99.134,750,,

99.8112,874,,

100.488,846,,

101.166,775,,

101.843,815,,

102.52,822,,

103.197,851,,

103.875,813,,

104.552,876,,

105.229,806,,

105.906,872,,

106.583,867,,

107.261,897,,

107.938,887,,

108.615,888,,

109.292,928,,

109.969,895,,

110.647,879,,

111.324,873,,

112.001,888,,

112.678,918,,

113.355,874,,

114.033,897,,

114.71,966,,

115.387,897,,

116.064,911,,

116.742,910,,

117.419,918,,

118.096,988,,

118.773,919,,

119.45,929,,

120.128,973,,

120.805,987,,

121.482,1002,,

122.159,973,,

122.836,965,,

123.514,946,,

124.191,994,,

124.868,968,,

125.545,951,,

126.222,1006,,

126.9,1029,,

127.577,1039,,

128.254,1005,,

128.931,1033,,

129.609,1029,,

130.286,1012,,

130.963,990,,

131.64,992,,

132.317,943,,

132.995,995,,

133.672,986,,

134.349,1011,,

135.026,1020,,

135.703,1010,,

136.381,1008,,

137.058,981,,

137.735,1072,,

138.412,1084,,

139.089,1062,,

139.767,1079,,

140.444,1077,,

141.121,1079,,

141.798,1064,,

142.476,1070,,

143.153,1033,,

143.83,1068,,

144.507,1056,,

145.184,1063,,

145.862,1052,,

146.539,1042,,

147.216,1013,,

147.893,997,,

148.57,1092,,

149.248,1035,,

149.925,1024,,

150.602,1055,,

151.279,1039,,

151.956,1086,,

152.634,1040,,

153.311,1121,,

153.988,1091,,

154.665,1101,,

155.343,1031,,

156.02,1012,,

156.697,1032,,

157.374,1047,,

158.051,1042,,

158.729,1041,,

159.406,1072,,

160.083,1008,,

160.76,992,,

161.437,1059,,

162.115,1014,,

162.792,1040,,

163.469,1003,,

164.146,1037,,

164.823,989,,

165.501,1092,,

166.178,1113,,

166.855,1057,,

167.532,1033,,

168.21,1068,,

168.887,1001,,

169.564,1026,,

170.241,1016,,

170.918,1087,,

171.596,1049,,

172.273,976,,

172.95,1022,,

173.627,1008,,

174.304,980,,

174.982,986,,

175.659,959,,

176.336,994,,

177.013,1040,,

177.69,1036,,

178.368,972,,

179.045,1043,,

179.722,992,,

180.399,1021,,

181.077,990,,

181.754,1041,,

182.431,1039,,

183.108,1000,,

183.785,944,,

184.463,967,,

185.14,1012,,

185.817,1077,,

186.494,1108,,

187.171,1001,,

187.849,968,,

188.526,995,,

189.203,992,,

189.88,977,,

190.557,937,,

191.235,976,,

191.912,1004,,

192.589,970,,

193.266,999,,

193.944,921,,

194.621,957,,

195.298,937,,

195.975,885,,

196.652,961,,

197.33,956,,

198.007,958,,

198.684,999,,

199.361,934,,

200.038,978,,

200.716,910,,

201.393,902,,

202.07,915,,

202.747,924,,

203.424,920,,

204.102,932,,

204.779,951,,

205.456,901,,

206.133,928,,

206.811,906,,

207.488,918,,

208.165,865,,

208.842,935,,

209.519,937,,

210.197,917,,

210.874,902,,

211.551,882,,

212.228,898,,

212.905,857,,

213.583,912,,

214.26,882,,

214.937,894,,

215.614,865,,

216.292,862,,

216.969,847,,

217.646,864,,

218.323,856,,

219,885,,

219.678,844,,

220.355,903,,

221.032,848,,

221.709,917,,

222.386,858,,

223.064,853,,

223.741,814,,

224.418,798,,

225.095,872,,

225.772,813,,

226.45,821,,

227.127,780,,

227.804,794,,

228.481,842,,

229.159,841,,

229.836,828,,

230.513,801,,

231.19,849,,

231.867,818,,

232.545,815,,

233.222,812,,

233.899,822,,

234.576,799,,

235.253,865,,

235.931,809,,

236.608,807,,

237.285,793,,

237.962,858,,

238.639,1266,,

239.317,1373,,

239.994,874,,

240.671,779,,

241.348,839,,

242.026,882,,

242.703,906,,

243.38,773,,

244.057,781,,

244.734,764,,

245.412,744,,

246.089,732,,

246.766,695,,

247.443,748,,

248.12,708,,

248.798,727,,

249.475,757,,

250.152,776,,

250.829,711,,

251.506,728,,

252.184,734,,

252.861,697,,

253.538,693,,

254.215,762,,

254.893,706,,

255.57,710,,

256.247,650,,

256.924,740,,

257.601,739,,

258.279,748,,

258.956,681,,

259.633,736,,

260.31,700,,

260.987,664,,

261.665,694,,

262.342,644,,

263.019,653,,

263.696,673,,

264.373,670,,

265.051,664,,

265.728,673,,

266.405,670,,

267.082,660,,

267.76,667,,

268.437,674,,

269.114,670,,

269.791,682,,

270.468,675,,

271.146,678,,

271.823,679,,

272.5,637,,

273.177,642,,

273.854,619,,

274.532,678,,

275.209,656,,

275.886,672,,

276.563,630,,

277.24,701,,

277.918,676,,

278.595,648,,

279.272,612,,

279.949,656,,

280.627,598,,

281.304,635,,

281.981,656,,

282.658,609,,

283.335,636,,

284.013,592,,

284.69,620,,

285.367,616,,

286.044,615,,

286.721,628,,

287.399,584,,

288.076,634,,

288.753,576,,

289.43,610,,

290.107,578,,

290.785,637,,

291.462,611,,

292.139,608,,

292.816,610,,

293.494,614,,

294.171,593,,

294.848,698,,

295.525,1019,,

296.202,875,,

296.88,625,,

297.557,574,,

298.234,602,,

298.911,592,,

299.588,560,,

300.266,574,,

300.943,587,,

301.62,586,,

302.297,566,,

302.974,529,,

303.652,568,,

304.329,523,,

305.006,566,,

305.683,540,,

306.361,523,,

307.038,568,,

307.715,543,,

308.392,494,,

309.069,548,,

309.747,543,,

310.424,519,,

311.101,537,,

311.778,552,,

312.455,521,,

313.133,513,,

313.81,552,,

314.487,500,,

315.164,506,,

315.841,500,,

316.519,509,,

317.196,510,,

317.873,531,,

318.55,520,,

319.228,545,,

319.905,534,,

320.582,514,,

321.259,496,,

321.936,524,,

322.614,499,,

323.291,516,,

323.968,486,,

324.645,531,,

325.322,501,,

326,482,,

326.677,510,,

327.354,506,,

328.031,528,,

328.708,525,,

329.386,479,,

330.063,559,,

330.74,660,,

331.417,2403,,

332.095,818,,

332.772,517,,

333.449,499,,

334.126,477,,

334.803,506,,

335.481,457,,

336.158,498,,

336.835,494,,

337.512,491,,

338.189,514,,

338.867,542,,

339.544,511,,

340.221,451,,

340.898,445,,

341.576,473,,

342.253,446,,

342.93,434,,

343.607,416,,

344.284,468,,

344.962,468,,

345.639,466,,

346.316,437,,

346.993,445,,

347.67,446,,

348.348,451,,

349.025,434,,

349.702,405,,

350.379,421,,

351.056,463,,

351.734,693,,

352.411,1183,,

353.088,786,,

353.765,420,,

354.443,419,,

355.12,440,,

355.797,393,,

356.474,417,,

357.151,398,,

357.829,414,,

358.506,412,,

359.183,371,,

359.86,369,,

360.537,361,,

361.215,395,,

361.892,401,,

362.569,380,,

363.246,395,,

363.923,414,,

364.601,403,,

365.278,388,,

365.955,386,,

366.632,368,,

367.31,398,,

367.987,411,,

368.664,397,,

369.341,388,,

370.018,370,,

370.696,384,,

371.373,394,,

372.05,425,,

372.727,348,,

373.404,347,,

374.082,388,,

374.759,359,,

375.436,386,,

376.113,371,,

376.79,365,,

377.468,384,,

378.145,359,,

378.822,352,,

379.499,377,,

380.177,333,,

380.854,396,,

381.531,375,,

382.208,359,,

382.885,385,,

383.563,344,,

384.24,354,,

384.917,341,,

385.594,356,,

386.271,366,,

386.949,364,,

387.626,348,,

388.303,364,,

388.98,359,,

389.657,384,,

390.335,352,,

391.012,348,,

391.689,340,,

392.366,340,,

393.044,328,,

393.721,313,,

394.398,341,,

395.075,335,,

395.752,348,,

396.43,295,,

397.107,327,,

397.784,335,,

398.461,319,,

399.138,338,,

399.816,332,,

400.493,330,,

401.17,295,,

401.847,324,,

402.524,364,,

403.202,334,,

403.879,341,,

404.556,307,,

405.233,357,,

405.911,330,,

406.588,298,,

407.265,304,,

407.942,314,,

408.619,306,,

409.297,326,,

409.974,329,,

410.651,331,,

411.328,319,,

412.005,334,,

412.683,314,,

413.36,343,,

414.037,317,,

414.714,303,,

415.391,328,,

416.069,332,,

416.746,279,,

417.423,312,,

418.1,297,,

418.778,300,,

419.455,288,,

420.132,315,,

420.809,272,,

421.486,302,,

422.164,285,,

422.841,304,,

423.518,298,,

424.195,292,,

424.872,269,,

425.55,276,,

426.227,289,,

426.904,285,,

427.581,324,,

428.258,282,,

428.936,290,,

429.613,307,,

430.29,303,,

430.967,289,,

431.645,301,,

432.322,277,,

432.999,264,,

433.676,267,,

434.353,281,,

435.031,267,,

435.708,245,,

436.385,268,,

437.062,267,,

437.739,250,,

438.417,253,,

439.094,275,,

439.771,262,,

440.448,287,,

441.125,274,,

441.803,268,,

442.48,277,,

443.157,249,,

443.834,282,,

444.512,281,,

445.189,246,,

445.866,255,,

446.543,266,,

447.22,272,,

447.898,250,,

448.575,250,,

449.252,268,,

449.929,253,,

450.606,238,,

451.284,271,,

451.961,260,,

452.638,267,,

453.315,257,,

453.992,255,,

454.67,257,,

455.347,280,,

456.024,275,,

456.701,251,,

457.379,240,,

458.056,276,,

458.733,236,,

459.41,231,,

460.087,234,,

460.765,234,,

461.442,285,,

462.119,264,,

462.796,252,,

463.473,268,,

464.151,267,,

464.828,237,,

465.505,256,,

466.182,229,,

466.859,255,,

467.537,241,,

468.214,251,,

468.891,225,,

469.568,267,,

470.246,246,,

470.923,255,,

471.6,262,,

472.277,221,,

472.954,236,,

473.632,232,,

474.309,247,,

474.986,220,,

475.663,222,,

476.34,240,,

477.018,255,,

477.695,261,,

478.372,233,,

479.049,219,,

479.727,226,,

480.404,238,,

481.081,234,,

481.758,200,,

482.435,222,,

483.113,225,,

483.79,203,,

484.467,180,,

485.144,244,,

485.821,241,,

486.499,238,,

487.176,205,,

487.853,226,,

488.53,229,,

489.207,201,,

489.885,213,,

490.562,233,,

491.239,230,,

491.916,212,,

492.594,234,,

493.271,218,,

493.948,227,,

494.625,233,,

495.302,206,,

495.98,237,,

496.657,216,,

497.334,212,,

498.011,232,,

498.688,228,,

499.366,212,,

500.043,190,,

500.72,231,,

501.397,213,,

502.074,203,,

502.752,233,,

503.429,203,,

504.106,212,,

504.783,208,,

505.461,211,,

506.138,195,,

506.815,223,,

507.492,198,,

508.169,250,,

508.847,301,,

509.524,507,,

510.201,817,,

510.878,1320,,

511.555,1399,,

512.233,1185,,

512.91,712,,

513.587,394,,

514.264,256,,

514.941,253,,

515.619,200,,

516.296,190,,

516.973,178,,

517.65,176,,

518.328,184,,

519.005,166,,

519.682,169,,

520.359,188,,

521.036,180,,

521.714,181,,

522.391,186,,

523.068,171,,

523.745,165,,

524.422,188,,

525.1,169,,

525.777,169,,

526.454,181,,

527.131,163,,

527.808,157,,

528.486,179,,

529.163,176,,

529.84,163,,

530.517,158,,

531.195,167,,

531.872,186,,

532.549,174,,

533.226,168,,

533.903,164,,

534.581,177,,

535.258,161,,

535.935,170,,

536.612,170,,

537.289,165,,

537.967,181,,

538.644,165,,

539.321,149,,

539.998,163,,

540.675,154,,

541.353,181,,

542.03,172,,

542.707,185,,

543.384,179,,

544.062,171,,

544.739,162,,

545.416,160,,

546.093,176,,

546.77,164,,

547.448,175,,

548.125,168,,

548.802,145,,

549.479,162,,

550.156,173,,

550.834,153,,

551.511,134,,

552.188,178,,

552.865,161,,

553.542,182,,

554.22,175,,

554.897,164,,

555.574,148,,

556.251,175,,

556.929,165,,

557.606,152,,

558.283,162,,

558.96,146,,

559.637,178,,

560.315,163,,

560.992,146,,

561.669,172,,

562.346,172,,

563.023,155,,

563.701,159,,

564.378,161,,

565.055,134,,

565.732,129,,

566.409,154,,

567.087,148,,

567.764,162,,

568.441,165,,

569.118,152,,

569.796,158,,

570.473,146,,

571.15,153,,

571.827,158,,

572.504,167,,

573.182,165,,

573.859,167,,

574.536,159,,

575.213,153,,

575.89,154,,

576.568,147,,

577.245,138,,

577.922,155,,

578.599,143,,

579.276,148,,

579.954,163,,

580.631,149,,

581.308,165,,

581.985,159,,

582.663,170,,

583.34,287,,

584.017,274,,

584.694,160,,

585.371,158,,

586.049,131,,

586.726,130,,

587.403,146,,

588.08,136,,

588.757,140,,

589.435,139,,

590.112,127,,

590.789,149,,

591.466,144,,

592.143,139,,

592.821,143,,

593.498,146,,

594.175,140,,

594.852,141,,

595.53,141,,

596.207,140,,

596.884,156,,

597.561,146,,

598.238,155,,

598.916,158,,

599.593,139,,

600.27,154,,

600.947,119,,

601.624,140,,

602.302,139,,

602.979,159,,

603.656,165,,

604.333,145,,

605.01,148,,

605.688,142,,

606.365,142,,

607.042,152,,

607.719,147,,

608.397,165,,

609.074,414,,

609.751,666,,

610.428,388,,

611.105,188,,

611.783,119,,

612.46,133,,

613.137,140,,

613.814,147,,

614.491,140,,

615.169,129,,

615.846,116,,

616.523,143,,

617.2,135,,

617.878,116,,

618.555,143,,

619.232,139,,

619.909,146,,

620.586,139,,

621.264,124,,

621.941,132,,

622.618,126,,

623.295,137,,

623.972,130,,

624.65,128,,

625.327,119,,

626.004,130,,

626.681,127,,

627.358,139,,

628.036,128,,

628.713,135,,

629.39,134,,

630.067,141,,

630.745,122,,

631.422,114,,

632.099,114,,

632.776,134,,

633.453,125,,

634.131,131,,

634.808,115,,

635.485,123,,

636.162,125,,

636.839,126,,

637.517,113,,

638.194,123,,

638.871,130,,

639.548,144,,

640.225,113,,

640.903,125,,

641.58,137,,

642.257,121,,

642.934,109,,

643.612,125,,

644.289,121,,

644.966,116,,

645.643,123,,

646.32,129,,

646.998,134,,

647.675,132,,

648.352,120,,

649.029,109,,

649.706,111,,

650.384,111,,

651.061,116,,

651.738,115,,

652.415,110,,

653.092,119,,

653.77,115,,

654.447,130,,

655.124,129,,

655.801,115,,

656.479,102,,

657.156,135,,

657.833,104,,

658.51,133,,

659.187,128,,

659.865,120,,

660.542,139,,

661.219,234,,

661.896,441,,

662.573,372,,

663.251,184,,

663.928,122,,

664.605,124,,

665.282,120,,

665.959,116,,

666.637,128,,

667.314,118,,

667.991,110,,

668.668,138,,

669.346,106,,

670.023,118,,

670.7,112,,

671.377,103,,

672.054,99,,

672.732,101,,

673.409,108,,

674.086,127,,

674.763,124,,

675.44,114,,

676.118,122,,

676.795,94,,

677.472,115,,

678.149,109,,

678.826,106,,

679.504,99,,

680.181,122,,

680.858,109,,

681.535,126,,

682.213,100,,

682.89,117,,

683.567,109,,

684.244,111,,

684.921,108,,

685.599,104,,

686.276,110,,

686.953,104,,

687.63,109,,

688.307,115,,

688.985,109,,

689.662,117,,

690.339,113,,

691.016,101,,

691.693,97,,

692.371,95,,

693.048,121,,

693.725,118,,

694.402,118,,

695.08,116,,

695.757,120,,

696.434,95,,

697.111,117,,

697.788,109,,

698.466,110,,

699.143,110,,

699.82,103,,

700.497,99,,

701.174,105,,

701.852,121,,

702.529,106,,

703.206,107,,

703.883,126,,

704.56,101,,

705.238,118,,

705.915,123,,

706.592,118,,

707.269,122,,

707.947,89,,

708.624,103,,

709.301,108,,

709.978,92,,

710.655,122,,

711.333,120,,

712.01,121,,

712.687,109,,

713.364,99,,

714.041,85,,

714.719,113,,

715.396,108,,

716.073,86,,

716.75,100,,

717.427,104,,

718.105,104,,

718.782,93,,

719.459,104,,

720.136,95,,

720.814,96,,

721.491,96,,

722.168,96,,

722.845,95,,

723.522,113,,

724.2,84,,

724.877,102,,

725.554,92,,

726.231,84,,

726.908,97,,

727.586,126,,

728.263,142,,

728.94,114,,

729.617,101,,

730.294,103,,

730.972,79,,

731.649,106,,

732.326,88,,

733.003,120,,

733.681,105,,

734.358,93,,

735.035,92,,

735.712,78,,

736.389,91,,

737.067,86,,

737.744,82,,

738.421,92,,

739.098,105,,

739.775,87,,

740.453,92,,

741.13,87,,

741.807,107,,

742.484,103,,

743.161,101,,

743.839,106,,

744.516,79,,

745.193,99,,

745.87,111,,

746.548,99,,

747.225,91,,

747.902,105,,

748.579,102,,

749.256,89,,

749.934,105,,

750.611,66,,

751.288,88,,

751.965,93,,

752.642,84,,

753.32,90,,

753.997,86,,

754.674,95,,

755.351,93,,

756.029,88,,

756.706,93,,

757.383,87,,

758.06,101,,

758.737,99,,

759.415,79,,

760.092,109,,

760.769,78,,

761.446,100,,

762.123,80,,

762.801,98,,

763.478,88,,

764.155,76,,

764.832,86,,

765.509,83,,

766.187,97,,

766.864,80,,

767.541,109,,

768.218,122,,

768.896,127,,

769.573,105,,

770.25,95,,

770.927,103,,

771.604,107,,

772.282,102,,

772.959,104,,

773.636,95,,

774.313,89,,

774.99,99,,

775.668,88,,

776.345,100,,

777.022,119,,

777.699,93,,

778.376,95,,

779.054,78,,

779.731,82,,

780.408,80,,

781.085,91,,

781.763,94,,

782.44,86,,

783.117,100,,

783.794,107,,

784.471,98,,

785.149,91,,

785.826,103,,

786.503,111,,

787.18,97,,

787.857,95,,

788.535,77,,

789.212,93,,

789.889,86,,

790.566,84,,

791.243,98,,

791.921,87,,

792.598,81,,

793.275,93,,

793.952,82,,

794.63,95,,

795.307,105,,

795.984,110,,

796.661,84,,

797.338,81,,

798.016,91,,

798.693,63,,

799.37,86,,

800.047,98,,

800.724,92,,

801.402,77,,

802.079,77,,

802.756,128,,

803.433,163,,

804.11,114,,

804.788,95,,

805.465,98,,

806.142,94,,

806.819,101,,

807.497,89,,

808.174,93,,

808.851,80,,

809.528,79,,

810.205,99,,

810.883,92,,

811.56,99,,

812.237,72,,

812.914,91,,

813.591,79,,

814.269,97,,

814.946,80,,

815.623,89,,

816.3,79,,

816.977,84,,

817.655,84,,

818.332,76,,

819.009,76,,

819.686,80,,

820.364,67,,

821.041,97,,

821.718,81,,

822.395,70,,

823.072,82,,

823.75,107,,

824.427,79,,

825.104,107,,

825.781,91,,

826.458,97,,

827.136,97,,

827.813,88,,

828.49,88,,

829.167,75,,

829.844,80,,

830.522,83,,

831.199,80,,

831.876,72,,

832.553,74,,

833.231,72,,

833.908,101,,

834.585,75,,

835.262,82,,

835.939,89,,

836.617,91,,

837.294,83,,

837.971,83,,

838.648,91,,

839.325,89,,

840.003,92,,

840.68,85,,

841.357,86,,

842.034,60,,

842.711,79,,

843.389,73,,

844.066,93,,

844.743,106,,

845.42,105,,

846.098,83,,

846.775,71,,

847.452,93,,

848.129,77,,

848.806,77,,

849.484,83,,

850.161,74,,

850.838,83,,

851.515,77,,

852.192,72,,

852.87,74,,

853.547,85,,

854.224,76,,

854.901,69,,

855.578,69,,

856.256,79,,

856.933,67,,

857.61,102,,

858.287,90,,

858.965,62,,

859.642,87,,

860.319,95,,

860.996,83,,

861.673,92,,

862.351,77,,

863.028,69,,

863.705,79,,

864.382,81,,

865.059,71,,

865.737,75,,

866.414,65,,

867.091,74,,

867.768,76,,

868.445,93,,

869.123,91,,

869.8,71,,

870.477,85,,

871.154,61,,

871.832,71,,

872.509,91,,

873.186,82,,

873.863,74,,

874.54,70,,

875.218,87,,

875.895,69,,

876.572,79,,

877.249,61,,

877.926,91,,

878.604,82,,

879.281,86,,

879.958,82,,

880.635,78,,

881.312,61,,

881.99,72,,

882.667,74,,

883.344,76,,

884.021,78,,

884.699,63,,

885.376,68,,

886.053,75,,

886.73,52,,

887.407,87,,

888.085,91,,

888.762,68,,

889.439,79,,

890.116,79,,

890.793,63,,

891.471,89,,

892.148,55,,

892.825,79,,

893.502,80,,

894.18,70,,

894.857,58,,

895.534,86,,

896.211,66,,

896.888,87,,

897.566,78,,

898.243,74,,

898.92,74,,

899.597,74,,

900.274,76,,

900.952,86,,

901.629,70,,

902.306,69,,

902.983,70,,

903.66,77,,

904.338,75,,

905.015,86,,

905.692,86,,

906.369,73,,

907.047,77,,

907.724,76,,

908.401,84,,

909.078,73,,

909.755,72,,

910.433,72,,

911.11,173,,

911.787,135,,

912.464,117,,

913.141,86,,

913.819,82,,

914.496,70,,

915.173,60,,

915.85,95,,

916.527,73,,

917.205,88,,

917.882,70,,

918.559,66,,

919.236,65,,

919.914,76,,

920.591,67,,

921.268,72,,

921.945,54,,

922.622,84,,

923.3,69,,

923.977,71,,

924.654,69,,

925.331,74,,

926.008,67,,

926.686,66,,

927.363,74,,

928.04,63,,

928.717,81,,

929.394,69,,

930.072,77,,

930.749,73,,

931.426,76,,

932.103,55,,

932.781,83,,

933.458,82,,

934.135,98,,

934.812,92,,

935.489,68,,

936.167,75,,

936.844,69,,

937.521,83,,

938.198,72,,

938.875,82,,

939.553,76,,

940.23,77,,

940.907,75,,

941.584,51,,

942.261,69,,

942.939,79,,

943.616,65,,

944.293,70,,

944.97,71,,

945.648,81,,

946.325,71,,

947.002,82,,

947.679,67,,

948.356,65,,

949.034,61,,

949.711,58,,

950.388,67,,

951.065,74,,

951.742,70,,

952.42,70,,

953.097,81,,

953.774,69,,

954.451,69,,

955.128,93,,

955.806,60,,

956.483,70,,

957.16,72,,

957.837,66,,

958.515,59,,

959.192,50,,

959.869,72,,

960.546,72,,

961.223,66,,

961.901,79,,

962.578,91,,

963.255,73,,

963.932,74,,

964.609,76,,

965.287,82,,

965.964,76,,

966.641,74,,

967.318,64,,

967.995,87,,

968.673,129,,

969.35,107,,

970.027,92,,

970.704,78,,

971.382,67,,

972.059,72,,

972.736,81,,

973.413,73,,

974.09,72,,

974.768,59,,

975.445,67,,

976.122,70,,

976.799,63,,

977.476,65,,

978.154,61,,

978.831,65,,

979.508,68,,

980.185,69,,

980.862,48,,

981.54,63,,

982.217,65,,

982.894,57,,

983.571,75,,

984.249,66,,

984.926,65,,

985.603,73,,

986.28,67,,

986.957,83,,

987.635,64,,

988.312,71,,

988.989,63,,

989.666,66,,

990.343,62,,

991.021,59,,

991.698,74,,

992.375,53,,

993.052,82,,

993.729,73,,

994.407,66,,

995.084,73,,

995.761,60,,

996.438,64,,

997.116,71,,

997.793,62,,

998.47,60,,

999.147,76,,

999.824,57,,

1000.5,69,,

1001.18,69,,

1001.86,76,,

1002.53,64,,

1003.21,54,,

1003.89,63,,

1004.56,69,,

1005.24,55,,

1005.92,57,,

1006.6,67,,

1007.27,72,,

1007.95,72,,

1008.63,59,,

1009.31,65,,

1009.98,76,,

1010.66,63,,

1011.34,87,,

1012.01,63,,

1012.69,61,,

1013.37,58,,

1014.05,53,,

1014.72,64,,

1015.4,64,,

1016.08,59,,

1016.75,54,,

1017.43,69,,

1018.11,76,,

1018.79,51,,

1019.46,60,,

1020.14,65,,

1020.82,40,,

1021.5,76,,

1022.17,78,,

1022.85,70,,

1023.53,68,,

1024.2,69,,

1024.88,65,,

1025.56,62,,

1026.24,77,,

1026.91,55,,

1027.59,69,,

1028.27,67,,

1028.94,65,,

1029.62,70,,

1030.3,80,,

1030.98,60,,

1031.65,45,,

1032.33,63,,

1033.01,44,,

1033.68,59,,

1034.36,61,,

1035.04,71,,

1035.72,64,,

1036.39,65,,

1037.07,60,,

1037.75,70,,

1038.43,73,,

1039.1,63,,

1039.78,64,,

1040.46,78,,

1041.13,61,,

1041.81,55,,

1042.49,66,,

1043.17,70,,

1043.84,56,,

1044.52,76,,

1045.2,64,,

1045.87,66,,

1046.55,56,,

1047.23,78,,

1047.91,61,,

1048.58,58,,

1049.26,56,,

1049.94,51,,

1050.62,76,,

1051.29,68,,

1051.97,58,,

1052.65,59,,

1053.32,58,,

1054,63,,

1054.68,56,,

1055.36,73,,

1056.03,67,,

1056.71,51,,

1057.39,63,,

1058.06,44,,

1058.74,61,,

1059.42,54,,

1060.1,57,,

1060.77,62,,

1061.45,54,,

1062.13,65,,

1062.81,55,,

1063.48,57,,

1064.16,79,,

1064.84,61,,

1065.51,57,,

1066.19,77,,

1066.87,63,,

1067.55,50,,

1068.22,59,,

1068.9,60,,

1069.58,64,,

1070.25,68,,

1070.93,62,,

1071.61,56,,

1072.29,61,,

1072.96,59,,

1073.64,65,,

1074.32,58,,

1074.99,57,,

1075.67,49,,

1076.35,64,,

1077.03,55,,

1077.7,74,,

1078.38,58,,

1079.06,55,,

1079.74,75,,

1080.41,71,,

1081.09,57,,

1081.77,59,,

1082.44,68,,

1083.12,47,,

1083.8,41,,

1084.48,61,,

1085.15,53,,

1085.83,66,,

1086.51,59,,

1087.18,61,,

1087.86,67,,

1088.54,74,,

1089.22,58,,

1089.89,68,,

1090.57,56,,

1091.25,54,,

1091.93,68,,

1092.6,62,,

1093.28,52,,

1093.96,60,,

1094.63,69,,

1095.31,70,,

1095.99,61,,

1096.67,60,,

1097.34,67,,

1098.02,71,,

1098.7,74,,

1099.37,57,,

1100.05,63,,

1100.73,55,,

1101.41,61,,

1102.08,46,,

1102.76,59,,

1103.44,46,,

1104.11,44,,

1104.79,69,,

1105.47,57,,

1106.15,65,,

1106.82,66,,

1107.5,57,,

1108.18,55,,

1108.86,68,,

1109.53,78,,

1110.21,47,,

1110.89,49,,

1111.56,64,,

1112.24,59,,

1112.92,48,,

1113.6,60,,

1114.27,62,,

1114.95,63,,

1115.63,71,,

1116.3,61,,

1116.98,60,,

1117.66,50,,

1118.34,71,,

1119.01,92,,

1119.69,128,,

1120.37,161,,

1121.05,110,,

1121.72,70,,

1122.4,58,,

1123.08,54,,

1123.75,58,,

1124.43,65,,

1125.11,46,,

1125.79,62,,

1126.46,36,,

1127.14,57,,

1127.82,57,,

1128.49,67,,

1129.17,55,,

1129.85,63,,

1130.53,71,,

1131.2,50,,

1131.88,54,,

1132.56,49,,

1133.23,50,,

1133.91,51,,

1134.59,54,,

1135.27,51,,

1135.94,71,,

1136.62,54,,

1137.3,56,,

1137.98,62,,

1138.65,62,,

1139.33,45,,

1140.01,57,,

1140.68,59,,

1141.36,49,,

1142.04,52,,

1142.72,48,,

1143.39,52,,

1144.07,51,,

1144.75,60,,

1145.42,63,,

1146.1,73,,

1146.78,52,,

1147.46,47,,

1148.13,70,,

1148.81,56,,

1149.49,60,,

1150.17,68,,

1150.84,48,,

1151.52,45,,

1152.2,51,,

1152.87,45,,

1153.55,51,,

1154.23,63,,

1154.91,67,,

1155.58,62,,

1156.26,57,,

1156.94,54,,

1157.61,57,,

1158.29,75,,

1158.97,51,,

1159.65,59,,

1160.32,76,,

1161,61,,

1161.68,40,,

1162.35,45,,

1163.03,57,,

1163.71,50,,

1164.39,57,,

1165.06,48,,

1165.74,50,,

1166.42,55,,

1167.1,69,,

1167.77,42,,

1168.45,48,,

1169.13,59,,

1169.8,55,,

1170.48,56,,

1171.16,52,,

1171.84,50,,

1172.51,63,,

1173.19,73,,

1173.87,60,,

1174.54,56,,

1175.22,45,,

1175.9,62,,

1176.58,62,,

1177.25,57,,

1177.93,60,,

1178.61,50,,

1179.29,55,,

1179.96,57,,

1180.64,61,,

1181.32,62,,

1181.99,55,,

1182.67,56,,

1183.35,59,,

1184.03,56,,

1184.7,63,,

1185.38,63,,

1186.06,61,,

1186.73,61,,

1187.41,52,,

1188.09,65,,

1188.77,66,,

1189.44,62,,

1190.12,53,,

1190.8,43,,

1191.48,45,,

1192.15,44,,

1192.83,54,,

1193.51,52,,

1194.18,73,,

1194.86,46,,

1195.54,56,,

1196.22,63,,

1196.89,60,,

1197.57,66,,

1198.25,43,,

1198.92,62,,

1199.6,61,,

1200.28,64,,

1200.96,50,,

1201.63,53,,

1202.31,54,,

1202.99,51,,

1203.66,70,,

1204.34,51,,

1205.02,60,,

1205.7,51,,

1206.37,57,,

1207.05,60,,

1207.73,50,,

1208.41,59,,

1209.08,52,,

1209.76,57,,

1210.44,49,,

1211.11,60,,

1211.79,43,,

1212.47,62,,

1213.15,65,,

1213.82,51,,

1214.5,57,,

1215.18,46,,

1215.85,62,,

1216.53,53,,

1217.21,62,,

1217.89,71,,

1218.56,48,,

1219.24,52,,

1219.92,45,,

1220.6,47,,

1221.27,63,,

1221.95,51,,

1222.63,56,,

1223.3,52,,

1223.98,45,,

1224.66,54,,

1225.34,39,,

1226.01,47,,

1226.69,51,,

1227.37,70,,

1228.04,47,,

1228.72,65,,

1229.4,57,,

1230.08,42,,

1230.75,64,,

1231.43,67,,

1232.11,52,,

1232.78,58,,

1233.46,65,,

1234.14,47,,

1234.82,49,,

1235.49,45,,

1236.17,52,,

1236.85,55,,

1237.53,88,,

1238.2,100,,

1238.88,78,,

1239.56,61,,

1240.23,42,,

1240.91,43,,

1241.59,49,,

1242.27,55,,

1242.94,46,,

1243.62,57,,

1244.3,46,,

1244.97,45,,

1245.65,40,,

1246.33,45,,

1247.01,48,,

1247.68,49,,

1248.36,37,,

1249.04,60,,

1249.72,52,,

1250.39,50,,

1251.07,48,,

1251.75,52,,

1252.42,55,,

1253.1,54,,

1253.78,48,,

1254.46,47,,

1255.13,55,,

1255.81,65,,

1256.49,60,,

1257.16,40,,

1257.84,49,,

1258.52,48,,

1259.2,44,,

1259.87,37,,

1260.55,46,,

1261.23,58,,

1261.91,42,,

1262.58,54,,

1263.26,53,,

1263.94,58,,

1264.61,49,,

1265.29,59,,

1265.97,44,,

1266.65,49,,

1267.32,52,,

1268,57,,

1268.68,39,,

1269.35,48,,

1270.03,52,,

1270.71,37,,

1271.39,47,,

1272.06,60,,

1272.74,51,,

1273.42,53,,

1274.09,51,,

1274.77,50,,

1275.45,47,,

1276.13,38,,

1276.8,42,,

1277.48,52,,

1278.16,50,,

1278.84,48,,

1279.51,46,,

1280.19,45,,

1280.87,52,,

1281.54,63,,

1282.22,47,,

1282.9,60,,

1283.58,43,,

1284.25,45,,

1284.93,47,,

1285.61,42,,

1286.28,49,,

1286.96,37,,

1287.64,46,,

1288.32,51,,

1288.99,51,,

1289.67,51,,

1290.35,45,,

1291.03,56,,

1291.7,54,,

1292.38,39,,

1293.06,48,,

1293.73,43,,

1294.41,51,,

1295.09,53,,

1295.77,40,,

1296.44,54,,

1297.12,42,,

1297.8,39,,

1298.47,35,,

1299.15,34,,

1299.83,50,,

1300.51,49,,

1301.18,40,,

1301.86,33,,

1302.54,34,,

1303.21,45,,

1303.89,51,,

1304.57,50,,

1305.25,58,,

1305.92,38,,

1306.6,45,,

1307.28,51,,

1307.96,44,,

1308.63,38,,

1309.31,44,,

1309.99,41,,

1310.66,45,,

1311.34,31,,

1312.02,42,,

1312.7,49,,

1313.37,34,,

1314.05,60,,

1314.73,42,,

1315.4,45,,

1316.08,46,,

1316.76,35,,

1317.44,44,,

1318.11,54,,

1318.79,54,,

1319.47,32,,

1320.15,37,,

1320.82,46,,

1321.5,41,,

1322.18,31,,

1322.85,38,,

1323.53,42,,

1324.21,39,,

1324.89,40,,

1325.56,34,,

1326.24,56,,

1326.92,44,,

1327.59,45,,

1328.27,45,,

1328.95,41,,

1329.63,45,,

1330.3,42,,

1330.98,33,,

1331.66,41,,

1332.33,38,,

1333.01,42,,

1333.69,28,,

1334.37,41,,

1335.04,42,,

1335.72,42,,

1336.4,38,,

1337.08,37,,

1337.75,32,,

1338.43,40,,

1339.11,36,,

1339.78,34,,

1340.46,27,,

1341.14,38,,

1341.82,34,,

1342.49,46,,

1343.17,38,,

1343.85,34,,

1344.52,40,,

1345.2,40,,

1345.88,49,,

1346.56,52,,

1347.23,41,,

1347.91,52,,

1348.59,42,,

1349.27,42,,

1349.94,32,,

1350.62,42,,

1351.3,48,,

1351.97,48,,

1352.65,35,,

1353.33,30,,

1354.01,36,,

1354.68,40,,

1355.36,40,,

1356.04,40,,

1356.71,41,,

1357.39,50,,

1358.07,36,,

1358.75,48,,

1359.42,40,,

1360.1,43,,

1360.78,47,,

1361.45,31,,

1362.13,44,,

1362.81,29,,

1363.49,48,,

1364.16,38,,

1364.84,31,,

1365.52,28,,

1366.2,36,,

1366.87,41,,

1367.55,35,,

1368.23,31,,

1368.9,42,,

1369.58,30,,

1370.26,52,,

1370.94,45,,

1371.61,41,,

1372.29,40,,

1372.97,37,,

1373.64,30,,

1374.32,29,,

1375,37,,

1375.68,36,,

1376.35,41,,

1377.03,63,,

1377.71,92,,

1378.39,57,,

1379.06,33,,

1379.74,38,,

1380.42,35,,

1381.09,34,,

1381.77,32,,

1382.45,39,,

1383.13,40,,

1383.8,34,,

1384.48,39,,

1385.16,43,,

1385.83,41,,

1386.51,35,,

1387.19,42,,

1387.87,46,,

1388.54,50,,

1389.22,40,,

1389.9,41,,

1390.58,38,,

1391.25,44,,

1391.93,41,,

1392.61,27,,

1393.28,37,,

1393.96,45,,

1394.64,41,,

1395.32,41,,

1395.99,41,,

1396.67,37,,

1397.35,33,,

1398.02,42,,

1398.7,36,,

1399.38,31,,

1400.06,34,,

1400.73,40,,

1401.41,46,,

1402.09,51,,

1402.76,30,,

1403.44,44,,

1404.12,47,,

1404.8,29,,

1405.47,43,,

1406.15,41,,

1406.83,48,,

1407.51,49,,

1408.18,61,,

1408.86,47,,

1409.54,50,,

1410.21,37,,

1410.89,39,,

1411.57,27,,

1412.25,35,,

1412.92,41,,

1413.6,41,,

1414.28,34,,

1414.95,38,,

1415.63,46,,

1416.31,36,,

1416.99,40,,

1417.66,52,,

1418.34,37,,

1419.02,38,,

1419.7,46,,

1420.37,38,,

1421.05,41,,

1421.73,26,,

1422.4,44,,

1423.08,33,,

1423.76,37,,

1424.44,43,,

1425.11,33,,

1425.79,42,,

1426.47,42,,

1427.14,47,,

1427.82,40,,

1428.5,35,,

1429.18,39,,

1429.85,41,,

1430.53,49,,

1431.21,47,,

1431.88,36,,

1432.56,30,,

1433.24,26,,

1433.92,41,,

1434.59,38,,

1435.27,48,,

1435.95,32,,

1436.63,33,,

1437.3,37,,

1437.98,39,,

1438.66,37,,

1439.33,31,,

1440.01,29,,

1440.69,31,,

1441.37,39,,

1442.04,44,,

1442.72,37,,

1443.4,36,,

1444.07,34,,

1444.75,48,,

1445.43,31,,

1446.11,40,,

1446.78,37,,

1447.46,30,,

1448.14,40,,

1448.82,32,,

1449.49,31,,

1450.17,40,,

1450.85,37,,

1451.52,34,,

1452.2,40,,

1452.88,28,,

1453.56,43,,

1454.23,37,,

1454.91,26,,

1455.59,42,,

1456.26,34,,

1456.94,37,,

1457.62,29,,

1458.3,42,,

1458.97,79,,

1459.65,206,,

1460.33,441,,

1461.01,504,,

1461.68,322,,

1462.36,110,,

1463.04,40,,

1463.71,44,,

1464.39,32,,

1465.07,33,,

1465.75,34,,

1466.42,36,,

1467.1,34,,

1467.78,27,,

1468.45,33,,

1469.13,38,,

1469.81,29,,

1470.49,26,,

1471.16,27,,

1471.84,28,,

1472.52,40,,

1473.19,31,,

1473.87,27,,

1474.55,32,,

1475.23,27,,

1475.9,28,,

1476.58,26,,

1477.26,27,,

1477.94,41,,

1478.61,38,,

1479.29,35,,

1479.97,29,,

1480.64,36,,

1481.32,25,,

1482,42,,

1482.68,33,,

1483.35,31,,

1484.03,30,,

1484.71,24,,

1485.38,31,,

1486.06,37,,

1486.74,30,,

1487.42,27,,

1488.09,24,,

1488.77,34,,

1489.45,46,,

1490.12,19,,

1490.8,32,,

1491.48,22,,

1492.16,25,,

1492.83,43,,

1493.51,24,,

1494.19,29,,

1494.87,29,,

1495.54,28,,

1496.22,46,,

1496.9,27,,

1497.57,37,,

1498.25,35,,

1498.93,24,,

1499.61,33,,

1500.28,29,,

1500.96,35,,

1501.64,41,,

1502.31,34,,

1502.99,36,,

1503.67,41,,

1504.35,28,,

1505.02,26,,

1505.7,28,,

1506.38,41,,

1507.06,28,,

1507.73,34,,

1508.41,44,,

1509.09,50,,

1509.76,39,,

1510.44,48,,

1511.12,37,,

1511.8,35,,

1512.47,30,,

1513.15,28,,

1513.83,33,,

1514.5,36,,

1515.18,41,,

1515.86,34,,

1516.54,36,,

1517.21,25,,

1517.89,25,,

1518.57,26,,

1519.25,29,,

1519.92,33,,

1520.6,26,,

1521.28,31,,

1521.95,27,,

1522.63,30,,

1523.31,35,,

1523.99,29,,

1524.66,33,,

1525.34,33,,

1526.02,39,,

1526.69,35,,

1527.37,29,,

1528.05,27,,

1528.73,27,,

1529.4,32,,

1530.08,27,,

1530.76,31,,

1531.43,24,,

1532.11,32,,

1532.79,32,,

1533.47,39,,

1534.14,30,,

1534.82,35,,

1535.5,33,,

1536.18,36,,

1536.85,25,,

1537.53,34,,

1538.21,31,,

1538.88,31,,

1539.56,26,,

1540.24,32,,

1540.92,38,,

1541.59,26,,

1542.27,39,,

1542.95,39,,

1543.62,44,,

1544.3,19,,

1544.98,21,,

1545.66,32,,

1546.33,33,,

1547.01,24,,

1547.69,33,,

1548.37,31,,

1549.04,29,,

1549.72,22,,

1550.4,38,,

1551.07,24,,

1551.75,26,,

1552.43,34,,

1553.11,27,,

1553.78,29,,

1554.46,39,,

1555.14,22,,

1555.81,24,,

1556.49,32,,

1557.17,35,,

1557.85,36,,

1558.52,25,,

1559.2,28,,

1559.88,32,,

1560.55,19,,

1561.23,35,,

1561.91,25,,

1562.59,28,,

1563.26,32,,

1563.94,31,,

1564.62,27,,

1565.3,34,,

1565.97,26,,

1566.65,31,,

1567.33,42,,

1568,28,,

1568.68,33,,

1569.36,22,,

1570.04,33,,

1570.71,19,,

1571.39,28,,

1572.07,25,,

1572.74,40,,

1573.42,29,,

1574.1,40,,

1574.78,24,,

1575.45,25,,

1576.13,23,,

1576.81,25,,

1577.49,39,,

1578.16,28,,

1578.84,34,,

1579.52,32,,

1580.19,27,,

1580.87,31,,

1581.55,26,,

1582.23,37,,

1582.9,34,,

1583.58,34,,

1584.26,34,,

1584.93,20,,

1585.61,30,,

1586.29,36,,

1586.97,46,,

1587.64,58,,

1588.32,41,,

1589,33,,

1589.68,26,,

1590.35,33,,

1591.03,38,,

1591.71,51,,

1592.38,48,,

1593.06,37,,

1593.74,34,,

1594.42,32,,

1595.09,36,,

1595.77,29,,

1596.45,29,,

1597.12,33,,

1597.8,29,,

1598.48,29,,

1599.16,34,,

1599.83,30,,

1600.51,32,,

1601.19,28,,

1601.86,27,,

1602.54,32,,

1603.22,41,,

1603.9,29,,

1604.57,27,,

1605.25,27,,

1605.93,29,,

1606.61,29,,

1607.28,28,,

1607.96,35,,

1608.64,38,,

1609.31,23,,

1609.99,31,,

1610.67,21,,

1611.35,26,,

1612.02,27,,

1612.7,37,,

1613.38,29,,

1614.05,26,,

1614.73,24,,

1615.41,22,,

1616.09,22,,

1616.76,17,,

1617.44,34,,

1618.12,23,,

1618.8,29,,

1619.47,29,,

1620.15,39,,

1620.83,37,,

1621.5,39,,

1622.18,27,,

1622.86,30,,

1623.54,24,,

1624.21,29,,

1624.89,27,,

1625.57,30,,

1626.24,27,,

1626.92,32,,

1627.6,21,,

1628.28,20,,

1628.95,32,,

1629.63,29,,

1630.31,39,,

1630.98,39,,

1631.66,20,,

1632.34,34,,

1633.02,29,,

1633.69,19,,

1634.37,25,,

1635.05,28,,

1635.73,27,,

1636.4,42,,

1637.08,27,,

1637.76,22,,

1638.43,45,,

1639.11,24,,

1639.79,29,,

1640.47,31,,

1641.14,42,,

1641.82,23,,

1642.5,27,,

1643.17,30,,

1643.85,40,,

1644.53,21,,

1645.21,28,,

1645.88,26,,

1646.56,26,,

1647.24,19,,

1647.92,23,,

1648.59,36,,

1649.27,18,,

1649.95,25,,

1650.62,32,,

1651.3,26,,

1651.98,25,,

1652.66,23,,

1653.33,25,,

1654.01,27,,

1654.69,24,,

1655.36,29,,

1656.04,39,,

1656.72,22,,

1657.4,30,,

1658.07,25,,

1658.75,20,,

1659.43,28,,

1660.1,31,,

1660.78,28,,

1661.46,36,,

1662.14,27,,

1662.81,25,,

1663.49,21,,

1664.17,28,,

1664.85,17,,

1665.52,24,,

1666.2,24,,

1666.88,29,,

1667.55,19,,

1668.23,19,,

1668.91,26,,

1669.59,26,,

1670.26,21,,

1670.94,20,,

1671.62,31,,

1672.29,25,,

1672.97,31,,

1673.65,27,,

1674.33,39,,

1675,19,,

1675.68,23,,

1676.36,18,,

1677.04,20,,

1677.71,29,,

1678.39,15,,

1679.07,19,,

1679.74,24,,

1680.42,24,,

1681.1,31,,

1681.78,25,,

1682.45,28,,

1683.13,22,,

1683.81,31,,

1684.48,27,,

1685.16,37,,

1685.84,35,,

1686.52,31,,

1687.19,22,,

1687.87,22,,

1688.55,23,,

1689.22,31,,

1689.9,19,,

1690.58,24,,

1691.26,26,,

1691.93,30,,

1692.61,25,,

1693.29,21,,

1693.97,26,,

1694.64,31,,

1695.32,26,,

1696,24,,

1696.67,26,,

1697.35,25,,

1698.03,20,,

1698.71,26,,

1699.38,33,,

1700.06,22,,

1700.74,31,,

1701.41,34,,

1702.09,28,,

1702.77,22,,

1703.45,15,,

1704.12,24,,

1704.8,30,,

1705.48,21,,

1706.16,23,,

1706.83,31,,

1707.51,30,,

1708.19,32,,

1708.86,18,,

1709.54,25,,

1710.22,27,,

1710.9,29,,

1711.57,25,,

1712.25,27,,

1712.93,22,,

1713.6,21,,

1714.28,23,,

1714.96,32,,

1715.64,21,,

1716.31,21,,

1716.99,25,,

1717.67,32,,

1718.35,13,,

1719.02,16,,

1719.7,16,,

1720.38,36,,

1721.05,27,,

1721.73,18,,

1722.41,26,,

1723.09,20,,

1723.76,17,,

1724.44,32,,

1725.12,30,,

1725.79,26,,

1726.47,23,,

1727.15,31,,

1727.83,43,,

1728.5,51,,

1729.18,53,,

1729.86,46,,

1730.53,23,,

1731.21,24,,

1731.89,18,,

1732.57,24,,

1733.24,25,,

1733.92,21,,

1734.6,26,,

1735.28,18,,

1735.95,14,,

1736.63,18,,

1737.31,21,,

1737.98,29,,

1738.66,25,,

1739.34,18,,

1740.02,22,,

1740.69,23,,

1741.37,33,,

1742.05,23,,

1742.72,30,,

1743.4,27,,

1744.08,17,,

1744.76,19,,

1745.43,27,,

1746.11,20,,

1746.79,21,,

1747.47,23,,

1748.14,19,,

1748.82,24,,

1749.5,17,,

1750.17,26,,

1750.85,32,,

1751.53,10,,

1752.21,34,,

1752.88,24,,

1753.56,33,,

1754.24,25,,

1754.91,20,,

1755.59,21,,

1756.27,17,,

1756.95,18,,

1757.62,25,,

1758.3,19,,

1758.98,22,,

1759.65,17,,

1760.33,21,,

1761.01,14,,

1761.69,25,,

1762.36,47,,

1763.04,94,,

1763.72,133,,

1764.4,154,,

1765.07,111,,

1765.75,61,,

1766.43,23,,

1767.1,23,,

1767.78,23,,

1768.46,28,,

1769.14,24,,

1769.81,26,,

1770.49,31,,

1771.17,22,,

1771.84,14,,

1772.52,14,,

1773.2,32,,

1773.88,29,,

1774.55,23,,

1775.23,27,,

1775.91,24,,

1776.59,26,,

1777.26,17,,

1777.94,22,,

1778.62,14,,

1779.29,29,,

1779.97,26,,

1780.65,14,,

1781.33,17,,

1782,17,,

1782.68,24,,

1783.36,20,,

1784.03,17,,

1784.71,27,,

1785.39,17,,

1786.07,19,,

1786.74,20,,

1787.42,25,,

1788.1,22,,

1788.78,15,,

1789.45,31,,

1790.13,23,,

1790.81,17,,

1791.48,19,,

1792.16,21,,

1792.84,21,,

1793.52,19,,

1794.19,25,,

1794.87,31,,

1795.55,27,,

1796.22,19,,

1796.9,21,,

1797.58,16,,

1798.26,24,,

1798.93,21,,

1799.61,27,,

1800.29,18,,

1800.96,22,,

1801.64,17,,

1802.32,14,,

1803,15,,

1803.67,24,,

1804.35,19,,

1805.03,15,,

1805.71,24,,

1806.38,22,,

1807.06,27,,

1807.74,22,,

1808.41,26,,

1809.09,26,,

1809.77,17,,

1810.45,21,,

1811.12,23,,

1811.8,23,,

1812.48,23,,

1813.15,20,,

1813.83,25,,

1814.51,25,,

1815.19,19,,

1815.86,20,,

1816.54,20,,

1817.22,18,,

1817.9,21,,

1818.57,21,,

1819.25,25,,

1819.93,14,,

1820.6,18,,

1821.28,23,,

1821.96,24,,

1822.64,18,,

1823.31,24,,

1823.99,18,,

1824.67,24,,

1825.34,13,,

1826.02,20,,

1826.7,25,,

1827.38,20,,

1828.05,24,,

1828.73,17,,

1829.41,11,,

1830.08,24,,

1830.76,17,,

1831.44,27,,

1832.12,24,,

1832.79,23,,

1833.47,19,,

1834.15,19,,

1834.83,19,,

1835.5,23,,

1836.18,31,,

1836.86,28,,

1837.53,27,,

1838.21,31,,

1838.89,16,,

1839.57,29,,

1840.24,15,,

1840.92,24,,

1841.6,21,,

1842.27,21,,

1842.95,17,,

1843.63,19,,

1844.31,23,,

1844.98,26,,

1845.66,36,,

1846.34,35,,

1847.02,48,,

1847.69,44,,

1848.37,24,,

1849.05,13,,

1849.72,19,,

1850.4,23,,

1851.08,22,,

1851.76,24,,

1852.43,21,,

1853.11,18,,

1853.79,25,,

1854.46,19,,

1855.14,23,,

1855.82,15,,

1856.5,20,,

1857.17,29,,

1857.85,27,,

1858.53,16,,

1859.2,17,,

1859.88,27,,

1860.56,24,,

1861.24,21,,

1861.91,19,,

1862.59,22,,

1863.27,24,,

1863.95,32,,

1864.62,21,,

1865.3,20,,

1865.98,21,,

1866.65,27,,

1867.33,9,,

1868.01,22,,

1868.69,17,,

1869.36,22,,

1870.04,26,,

1870.72,19,,

1871.39,23,,

1872.07,22,,

1872.75,18,,

1873.43,18,,

1874.1,16,,

1874.78,17,,

1875.46,21,,

1876.14,17,,

1876.81,25,,

1877.49,25,,

1878.17,14,,

1878.84,26,,

1879.52,17,,

1880.2,21,,

1880.88,15,,

1881.55,12,,

1882.23,13,,

1882.91,18,,

1883.58,22,,

1884.26,21,,

1884.94,16,,

1885.62,10,,

1886.29,24,,

1886.97,26,,

1887.65,30,,

1888.32,18,,

1889,24,,

1889.68,23,,

1890.36,22,,

1891.03,19,,

1891.71,16,,

1892.39,19,,

1893.07,13,,

1893.74,25,,

1894.42,24,,

1895.1,19,,

1895.77,20,,

1896.45,17,,

1897.13,18,,

1897.81,25,,

1898.48,20,,

1899.16,16,,

1899.84,23,,

1900.51,18,,

1901.19,23,,

1901.87,23,,

1902.55,23,,

1903.22,19,,

1903.9,13,,

1904.58,21,,

1905.26,22,,

1905.93,19,,

1906.61,21,,

1907.29,23,,

1907.96,16,,

1908.64,30,,

1909.32,15,,

1910,30,,

1910.67,16,,

1911.35,21,,

1912.03,29,,

1912.7,26,,

1913.38,18,,

1914.06,20,,

1914.74,16,,

1915.41,19,,

1916.09,13,,

1916.77,11,,

1917.45,16,,

1918.12,19,,

1918.8,15,,

1919.48,17,,

1920.15,15,,

1920.83,20,,

1921.51,24,,

1922.19,24,,

1922.86,12,,

1923.54,25,,

1924.22,21,,

1924.89,21,,

1925.57,26,,

1926.25,19,,

1926.93,22,,

1927.6,20,,

1928.28,21,,

1928.96,26,,

1929.63,21,,

1930.31,15,,

1930.99,16,,

1931.67,26,,

1932.34,17,,

1933.02,19,,

1933.7,21,,

1934.38,26,,

1935.05,17,,

1935.73,28,,

1936.41,18,,

1937.08,13,,

1937.76,28,,

1938.44,16,,

1939.12,21,,

1939.79,10,,

1940.47,22,,

1941.15,18,,

1941.82,21,,

1942.5,16,,

1943.18,20,,

1943.86,23,,

1944.53,19,,

1945.21,20,,

1945.89,25,,

1946.57,21,,

1947.24,15,,

1947.92,24,,

1948.6,21,,

1949.27,18,,

1949.95,27,,

1950.63,17,,

1951.31,14,,

1951.98,15,,

1952.66,23,,

1953.34,19,,

1954.01,24,,

1954.69,13,,

1955.37,17,,

1956.05,18,,

1956.72,23,,

1957.4,30,,

1958.08,14,,

1958.75,15,,

1959.43,17,,

1960.11,17,,

1960.79,20,,

1961.46,27,,

1962.14,22,,

1962.82,11,,

1963.5,14,,

1964.17,15,,

1964.85,20,,

1965.53,19,,

1966.2,23,,

1966.88,25,,

1967.56,23,,

1968.24,13,,

1968.91,24,,

1969.59,21,,

1970.27,19,,

1970.94,15,,

1971.62,15,,

1972.3,21,,

1972.98,23,,

1973.65,19,,

1974.33,24,,

1975.01,14,,

1975.69,12,,

1976.36,24,,

1977.04,24,,

1977.72,18,,

1978.39,15,,

1979.07,15,,

1979.75,20,,

1980.43,27,,

1981.1,19,,

1981.78,20,,

1982.46,20,,

1983.13,21,,

1983.81,25,,

1984.49,17,,

1985.17,29,,

1985.84,30,,

1986.52,16,,

1987.2,14,,

1987.88,22,,

1988.55,17,,

1989.23,27,,

1989.91,25,,

1990.58,19,,

1991.26,15,,

1991.94,17,,

1992.62,23,,

1993.29,8,,

1993.97,23,,

1994.65,25,,

1995.32,22,,

1996,20,,

1996.68,11,,

1997.36,22,,

1998.03,23,,

1998.71,19,,

1999.39,16,,

2000.06,17,,

2000.74,16,,

2001.42,14,,

2002.1,17,,

2002.77,19,,

2003.45,25,,

2004.13,16,,

2004.81,15,,

2005.48,17,,

2006.16,16,,

2006.84,13,,

2007.51,17,,

2008.19,22,,

2008.87,20,,

2009.55,13,,

2010.22,16,,

2010.9,21,,

2011.58,18,,

2012.25,24,,

2012.93,16,,

2013.61,21,,

2014.29,19,,

2014.96,21,,

2015.64,19,,

2016.32,19,,

2016.99,15,,

2017.67,24,,

2018.35,19,,

2019.03,17,,

2019.7,19,,

2020.38,19,,

2021.06,15,,

2021.74,18,,

2022.41,16,,

2023.09,25,,

2023.77,21,,

2024.44,11,,

2025.12,18,,

2025.8,20,,

2026.48,24,,

2027.15,21,,

2027.83,15,,

2028.51,17,,

2029.18,27,,

2029.86,13,,

2030.54,24,,

2031.22,19,,

2031.89,18,,

2032.57,20,,

2033.25,15,,

2033.93,17,,

2034.6,23,,

2035.28,13,,

2035.96,9,,

2036.63,18,,

2037.31,16,,

2037.99,11,,

2038.67,28,,

2039.34,18,,

2040.02,16,,

2040.7,10,,

2041.37,14,,

2042.05,13,,

2042.73,20,,

2043.41,15,,

2044.08,18,,

2044.76,13,,

2045.44,29,,

2046.12,14,,

2046.79,19,,

2047.47,17,,

2048.15,20,,

2048.82,24,,

2049.5,17,,

2050.18,21,,

2050.86,12,,

2051.53,20,,

2052.21,22,,

2052.89,13,,

2053.56,16,,

2054.24,12,,

2054.92,14,,

2055.6,10,,

2056.27,17,,

2056.95,19,,

2057.63,15,,

2058.3,17,,

2058.98,10,,

2059.66,9,,

2060.34,16,,

2061.01,19,,

2061.69,16,,

2062.37,19,,

2063.05,21,,

2063.72,19,,

2064.4,19,,

2065.08,17,,

2065.75,14,,

2066.43,14,,

2067.11,28,,

2067.79,14,,

2068.46,17,,

2069.14,20,,

2069.82,13,,

2070.49,17,,

2071.17,18,,

2071.85,22,,

2072.53,23,,

2073.2,15,,

2073.88,17,,

2074.56,13,,

2075.24,17,,

2075.91,16,,

2076.59,14,,

2077.27,24,,

2077.94,24,,

2078.62,19,,

2079.3,16,,

2079.98,16,,

2080.65,17,,

2081.33,15,,

2082.01,22,,

2082.68,22,,

2083.36,18,,

2084.04,14,,

2084.72,14,,

2085.39,21,,

2086.07,14,,

2086.75,23,,

2087.43,9,,

2088.1,21,,

2088.78,17,,

2089.46,23,,

2090.13,22,,

2090.81,19,,

2091.49,14,,

2092.17,14,,

2092.84,14,,

2093.52,15,,

2094.2,16,,

2094.87,21,,

2095.55,12,,

2096.23,12,,

2096.91,21,,

2097.58,15,,

2098.26,11,,

2098.94,13,,

2099.61,17,,

2100.29,25,,

2100.97,29,,

2101.65,26,,

2102.32,49,,

2103,41,,

2103.68,38,,

2104.36,30,,

2105.03,21,,

2105.71,14,,

2106.39,15,,

2107.06,16,,

2107.74,17,,

2108.42,19,,

2109.1,19,,

2109.77,9,,

2110.45,15,,

2111.13,21,,

2111.8,19,,

2112.48,15,,

2113.16,13,,

2113.84,18,,

2114.51,11,,

2115.19,14,,

2115.87,15,,

2116.54,25,,

2117.22,20,,

2117.9,32,,

2118.58,22,,

2119.25,16,,

2119.93,16,,

2120.61,19,,

2121.29,16,,

2121.96,14,,

2122.64,14,,

2123.32,11,,

2123.99,19,,

2124.67,24,,

2125.35,19,,

2126.03,13,,

2126.7,21,,

2127.38,19,,

2128.06,20,,

2128.73,22,,

2129.41,10,,

2130.09,14,,

2130.77,23,,

2131.44,16,,

2132.12,24,,

2132.8,21,,

2133.48,14,,

2134.15,12,,

2134.83,21,,

2135.51,14,,

2136.18,13,,

2136.86,17,,

2137.54,16,,

2138.22,17,,

2138.89,17,,

2139.57,17,,

2140.25,20,,

2140.92,17,,

2141.6,11,,

2142.28,19,,

2142.96,19,,

2143.63,22,,

2144.31,17,,

2144.99,17,,

2145.67,17,,

2146.34,16,,

2147.02,9,,

2147.7,13,,

2148.37,17,,

2149.05,14,,

2149.73,10,,

2150.41,17,,

2151.08,15,,

2151.76,11,,

2152.44,20,,

2153.11,19,,

2153.79,16,,

2154.47,12,,

2155.15,23,,

2155.82,8,,

2156.5,9,,

2157.18,18,,

2157.85,18,,

2158.53,13,,

2159.21,19,,

2159.89,17,,

2160.56,11,,

2161.24,14,,

2161.92,21,,

2162.6,18,,

2163.27,12,,

2163.95,22,,

2164.63,18,,

2165.3,6,,

2165.98,20,,

2166.66,10,,

2167.34,16,,

2168.01,17,,

2168.69,22,,

2169.37,15,,

2170.04,16,,

2170.72,14,,

2171.4,15,,

2172.08,16,,

2172.75,12,,

2173.43,15,,

2174.11,11,,

2174.79,17,,

2175.46,16,,

2176.14,16,,

2176.82,18,,

2177.49,26,,

2178.17,13,,

2178.85,16,,

2179.53,12,,

2180.2,23,,

2180.88,10,,

2181.56,12,,

2182.23,15,,

2182.91,18,,

2183.59,14,,

2184.27,13,,

2184.94,15,,

2185.62,15,,

2186.3,16,,

2186.97,18,,

2187.65,13,,

2188.33,17,,

2189.01,10,,

2189.68,15,,

2190.36,19,,

2191.04,19,,

2191.72,9,,

2192.39,18,,

2193.07,16,,

2193.75,15,,

2194.42,17,,

2195.1,20,,

2195.78,17,,

2196.46,18,,

2197.13,20,,

2197.81,12,,

2198.49,13,,

2199.16,11,,

2199.84,18,,

2200.52,22,,

2201.2,20,,

2201.87,43,,

2202.55,55,,

2203.23,48,,

2203.91,46,,

2204.58,23,,

2205.26,16,,

2205.94,19,,

2206.61,18,,

2207.29,17,,

2207.97,18,,

2208.65,26,,

2209.32,15,,

2210,12,,

2210.68,15,,

2211.35,16,,

2212.03,16,,

2212.71,18,,

2213.39,13,,

2214.06,17,,

2214.74,17,,

2215.42,17,,

2216.09,17,,

2216.77,19,,

2217.45,16,,

2218.13,16,,

2218.8,11,,

2219.48,18,,

2220.16,24,,

2220.84,11,,

2221.51,12,,

2222.19,16,,

2222.87,11,,

2223.54,18,,

2224.22,12,,

2224.9,12,,

2225.58,10,,

2226.25,18,,

2226.93,14,,

2227.61,19,,

2228.28,16,,

2228.96,17,,

2229.64,14,,

2230.32,15,,

2230.99,21,,

2231.67,15,,

2232.35,19,,

2233.03,23,,

2233.7,13,,

2234.38,9,,

2235.06,11,,

2235.73,18,,

2236.41,17,,

2237.09,20,,

2237.77,17,,

2238.44,13,,

2239.12,18,,

2239.8,20,,

2240.47,16,,

2241.15,22,,

2241.83,12,,

2242.51,19,,

2243.18,14,,

2243.86,18,,

2244.54,14,,

2245.22,10,,

2245.89,16,,

2246.57,17,,

2247.25,13,,

2247.92,17,,

2248.6,8,,

2249.28,14,,

2249.96,21,,

2250.63,14,,

2251.31,17,,

2251.99,16,,

2252.66,13,,

2253.34,8,,

2254.02,20,,

2254.7,17,,

2255.37,17,,

2256.05,14,,

2256.73,14,,

2257.4,10,,

2258.08,15,,

2258.76,11,,

2259.44,19,,

2260.11,13,,

2260.79,10,,

2261.47,15,,

2262.15,14,,

2262.82,19,,

2263.5,14,,

2264.18,15,,

2264.85,22,,

2265.53,18,,

2266.21,7,,

2266.89,17,,

2267.56,11,,

2268.24,14,,

2268.92,15,,

2269.59,14,,

2270.27,16,,

2270.95,10,,

2271.63,23,,

2272.3,15,,

2272.98,18,,

2273.66,13,,

2274.34,18,,

2275.01,18,,

2275.69,13,,

2276.37,17,,

2277.04,19,,

2277.72,17,,

2278.4,14,,

2279.08,12,,

2279.75,14,,

2280.43,20,,

2281.11,19,,

2281.78,16,,

2282.46,14,,

2283.14,16,,

2283.82,21,,

2284.49,13,,

2285.17,17,,

2285.85,13,,

2286.52,18,,

2287.2,10,,

2287.88,17,,

2288.56,12,,

2289.23,16,,

2289.91,19,,

2290.59,17,,

2291.27,17,,

2291.94,15,,

2292.62,10,,

2293.3,21,,

2293.97,19,,

2294.65,10,,

2295.33,7,,

2296.01,14,,

2296.68,15,,

2297.36,19,,

2298.04,12,,

2298.71,12,,

2299.39,13,,

2300.07,17,,

2300.75,14,,

2301.42,14,,

2302.1,14,,

2302.78,16,,

2303.46,10,,

2304.13,17,,

2304.81,13,,

2305.49,18,,

2306.16,13,,

2306.84,14,,

2307.52,15,,

2308.2,12,,

2308.87,23,,

2309.55,10,,

2310.23,16,,

2310.9,17,,

2311.58,14,,

2312.26,11,,

2312.94,14,,

2313.61,12,,

2314.29,8,,

2314.97,21,,

2315.65,21,,

2316.32,17,,

2317,6,,

2317.68,11,,

2318.35,15,,

2319.03,14,,

2319.71,13,,

2320.39,17,,

2321.06,10,,

2321.74,18,,

2322.42,14,,

2323.09,18,,

2323.77,12,,

2324.45,14,,

2325.13,15,,

2325.8,25,,

2326.48,20,,

2327.16,6,,

2327.83,11,,

2328.51,13,,

2329.19,18,,

2329.87,23,,

2330.54,12,,

2331.22,16,,

2331.9,12,,

2332.58,13,,

2333.25,18,,

2333.93,12,,

2334.61,12,,

2335.28,16,,

2335.96,9,,

2336.64,13,,

2337.32,17,,

2337.99,19,,

2338.67,12,,

2339.35,15,,

2340.02,8,,

2340.7,12,,

2341.38,16,,

2342.06,11,,

2342.73,16,,

2343.41,24,,

2344.09,13,,

2344.77,14,,

2345.44,15,,

2346.12,13,,

2346.8,12,,

2347.47,15,,

2348.15,20,,

2348.83,19,,

2349.51,15,,

2350.18,16,,

2350.86,14,,

2351.54,21,,

2352.21,21,,

2352.89,17,,

2353.57,15,,

2354.25,18,,

2354.92,13,,

2355.6,13,,

2356.28,8,,

2356.95,11,,

2357.63,10,,

2358.31,15,,

2358.99,23,,

2359.66,17,,

2360.34,10,,

2361.02,16,,

2361.7,19,,

2362.37,17,,

2363.05,14,,

2363.73,12,,

2364.4,13,,

2365.08,17,,

2365.76,18,,

2366.44,17,,

2367.11,18,,

2367.79,15,,

2368.47,22,,

2369.14,20,,

2369.82,19,,

2370.5,19,,

2371.18,17,,

2371.85,19,,

2372.53,18,,

2373.21,11,,

2373.89,15,,

2374.56,24,,

2375.24,17,,

2375.92,15,,

2376.59,14,,

2377.27,11,,

2377.95,22,,

2378.63,12,,

2379.3,14,,

2379.98,12,,

2380.66,10,,

2381.33,18,,

2382.01,17,,

2382.69,14,,

2383.37,13,,

2384.04,11,,

2384.72,19,,

2385.4,11,,

2386.07,21,,

2386.75,14,,

2387.43,13,,

2388.11,12,,

2388.78,15,,

2389.46,13,,

2390.14,20,,

2390.82,10,,

2391.49,19,,

2392.17,10,,

2392.85,14,,

2393.52,12,,

2394.2,15,,

2394.88,12,,

2395.56,19,,

2396.23,10,,

2396.91,12,,

2397.59,14,,

2398.26,15,,

2398.94,14,,

2399.62,3,,

2400.3,11,,

2400.97,11,,

2401.65,12,,

2402.33,12,,

2403.01,15,,

2403.68,13,,

2404.36,15,,

2405.04,18,,

2405.71,17,,

2406.39,11,,

2407.07,13,,

2407.75,16,,

2408.42,10,,

2409.1,13,,

2409.78,15,,

2410.45,8,,

2411.13,13,,

2411.81,11,,

2412.49,13,,

2413.16,17,,

2413.84,17,,

2414.52,14,,

2415.2,15,,

2415.87,16,,

2416.55,16,,

2417.23,11,,

2417.9,12,,

2418.58,12,,

2419.26,11,,

2419.94,14,,

2420.61,12,,

2421.29,12,,

2421.97,15,,

2422.64,10,,

2423.32,15,,

2424,9,,

2424.68,12,,

2425.35,13,,

2426.03,12,,

2426.71,14,,

2427.38,14,,

2428.06,9,,

2428.74,7,,

2429.42,21,,

2430.09,10,,

2430.77,15,,

2431.45,13,,

2432.13,9,,

2432.8,15,,

2433.48,15,,

2434.16,10,,

2434.83,12,,

2435.51,15,,

2436.19,11,,

2436.87,18,,

2437.54,18,,

2438.22,13,,

2438.9,9,,

2439.57,16,,

2440.25,13,,

2440.93,14,,

2441.61,10,,

2442.28,11,,

2442.96,14,,

2443.64,16,,

2444.32,10,,

2444.99,14,,

2445.67,25,,

2446.35,27,,

2447.02,21,,

2447.7,19,,

2448.38,21,,

2449.06,11,,

2449.73,10,,

2450.41,10,,

2451.09,8,,

2451.76,13,,

2452.44,11,,

2453.12,12,,

2453.8,5,,

2454.47,8,,

2455.15,12,,

2455.83,4,,

2456.5,11,,

2457.18,11,,

2457.86,13,,

2458.54,10,,

2459.21,13,,

2459.89,11,,

2460.57,17,,

2461.25,7,,

2461.92,7,,

2462.6,10,,

2463.28,9,,

2463.95,12,,

2464.63,17,,

2465.31,12,,

2465.99,13,,

2466.66,11,,

2467.34,16,,

2468.02,3,,

2468.69,9,,

2469.37,12,,

2470.05,18,,

2470.73,10,,

2471.4,12,,

2472.08,4,,

2472.76,9,,

2473.44,12,,

2474.11,11,,

2474.79,8,,

2475.47,14,,

2476.14,10,,

2476.82,11,,

2477.5,8,,

2478.18,11,,

2478.85,11,,

2479.53,3,,

2480.21,14,,

2480.88,12,,

2481.56,9,,

2482.24,13,,

2482.92,7,,

2483.59,13,,

2484.27,10,,

2484.95,11,,

2485.62,11,,

2486.3,4,,

2486.98,6,,

2487.66,7,,

2488.33,9,,

2489.01,8,,

2489.69,10,,

2490.37,6,,

2491.04,14,,

2491.72,13,,

2492.4,14,,

2493.07,8,,

2493.75,9,,

2494.43,11,,

2495.11,6,,

2495.78,7,,

2496.46,5,,

2497.14,15,,

2497.81,7,,

2498.49,15,,

2499.17,11,,

2499.85,15,,

2500.52,15,,

2501.2,12,,

2501.88,9,,

2502.56,12,,

2503.23,11,,

2503.91,14,,

2504.59,9,,

2505.26,5,,

2505.94,11,,

2506.62,9,,

2507.3,13,,

2507.97,13,,

2508.65,7,,

2509.33,11,,

2510,7,,

2510.68,11,,

2511.36,9,,

2512.04,12,,

2512.71,12,,

2513.39,12,,

2514.07,10,,

2514.74,6,,

2515.42,6,,

2516.1,3,,

2516.78,18,,

2517.45,6,,

2518.13,11,,

2518.81,13,,

2519.49,6,,

2520.16,10,,

2520.84,8,,

2521.52,12,,

2522.19,14,,

2522.87,8,,

2523.55,14,,

2524.23,13,,

2524.9,8,,

2525.58,9,,

2526.26,13,,

2526.93,13,,

2527.61,10,,

2528.29,10,,

2528.97,8,,

2529.64,3,,

2530.32,6,,

2531,11,,

2531.68,11,,

2532.35,12,,

2533.03,10,,

2533.71,7,,

2534.38,11,,

2535.06,7,,

2535.74,11,,

2536.42,5,,

2537.09,9,,

2537.77,12,,

2538.45,13,,

2539.12,11,,

2539.8,12,,

2540.48,7,,

2541.16,8,,

2541.83,4,,

2542.51,10,,

2543.19,9,,

2543.86,7,,

2544.54,12,,

2545.22,11,,

2545.9,13,,

2546.57,11,,

2547.25,13,,

2547.93,7,,

2548.61,11,,

2549.28,11,,

2549.96,9,,

2550.64,7,,

2551.31,12,,

2551.99,11,,

2552.67,14,,

2553.35,10,,

2554.02,9,,

2554.7,10,,

2555.38,15,,

2556.05,10,,

2556.73,9,,

2557.41,8,,

2558.09,4,,

2558.76,9,,

2559.44,10,,

2560.12,11,,

2560.8,10,,

2561.47,13,,

2562.15,15,,

2562.83,11,,

2563.5,10,,

2564.18,6,,

2564.86,11,,

2565.54,10,,

2566.21,4,,

2566.89,4,,

2567.57,12,,

2568.24,11,,

2568.92,12,,

2569.6,10,,

2570.28,8,,

2570.95,7,,

2571.63,7,,

2572.31,9,,

2572.99,12,,

2573.66,8,,

2574.34,12,,

2575.02,7,,

2575.69,5,,

2576.37,7,,

2577.05,6,,

2577.73,7,,

2578.4,2,,

2579.08,6,,

2579.76,7,,

2580.43,4,,

2581.11,9,,

2581.79,9,,

2582.47,9,,

2583.14,6,,

2583.82,9,,

2584.5,11,,

2585.17,9,,

2585.85,8,,

2586.53,14,,

2587.21,10,,

2587.88,12,,

2588.56,4,,

2589.24,6,,

2589.92,9,,

2590.59,12,,

2591.27,11,,

2591.95,8,,

2592.62,8,,

2593.3,9,,

2593.98,3,,

2594.66,8,,

2595.33,10,,

2596.01,8,,

2596.69,9,,

2597.36,4,,

2598.04,7,,

2598.72,12,,

2599.4,5,,

2600.07,10,,

2600.75,8,,

2601.43,5,,

2602.11,5,,

2602.78,10,,

2603.46,12,,

2604.14,10,,

2604.81,6,,

2605.49,7,,

2606.17,11,,

2606.85,9,,

2607.52,6,,

2608.2,6,,

2608.88,8,,

2609.55,11,,

2610.23,19,,

2610.91,36,,

2611.59,60,,

2612.26,122,,

2612.94,241,,

2613.62,243,,

2614.29,191,,

2614.97,108,,

2615.65,33,,

2616.33,15,,

2617,11,,

2617.68,10,,

2618.36,3,,

2619.04,2,,

2619.71,7,,

2620.39,10,,

2621.07,10,,

2621.74,6,,

2622.42,12,,

2623.1,11,,

2623.78,8,,

2624.45,9,,

2625.13,8,,

2625.81,6,,

2626.48,7,,

2627.16,9,,

2627.84,9,,

2628.52,6,,

2629.19,14,,

2629.87,4,,

2630.55,5,,

2631.23,4,,

2631.9,3,,

2632.58,7,,

2633.26,9,,

2633.93,11,,

2634.61,6,,

2635.29,7,,

2635.97,11,,

2636.64,3,,

2637.32,6,,

2638,5,,

2638.67,6,,

2639.35,5,,

2640.03,8,,

2640.71,2,,

2641.38,6,,

2642.06,10,,

2642.74,6,,

2643.42,8,,

2644.09,7,,

2644.77,5,,

2645.45,7,,

2646.12,7,,

2646.8,4,,

2647.48,2,,

2648.16,8,,

2648.83,8,,

2649.51,2,,

2650.19,9,,

2650.86,8,,

2651.54,11,,

2652.22,8,,

2652.9,9,,

2653.57,4,,

2654.25,6,,

2654.93,8,,

2655.6,9,,

2656.28,10,,

2656.96,5,,

2657.64,8,,

2658.31,5,,

2658.99,10,,

2659.67,5,,

2660.35,3,,

2661.02,8,,

2661.7,3,,

2662.38,10,,

2663.05,2,,

2663.73,9,,

2664.41,6,,

2665.09,8,,

2665.76,6,,

2666.44,5,,

2667.12,9,,

2667.79,8,,

2668.47,8,,

2669.15,5,,

2669.83,11,,

2670.5,3,,

2671.18,8,,

2671.86,7,,

2672.54,7,,

2673.21,6,,

2673.89,8,,

2674.57,9,,

2675.24,7,,

2675.92,6,,

2676.6,9,,

2677.28,4,,

2677.95,7,,

2678.63,8,,

2679.31,9,,

2679.98,8,,

2680.66,5,,

2681.34,8,,

2682.02,10,,

2682.69,10,,

2683.37,2,,

2684.05,10,,

2684.72,10,,

2685.4,6,,

2686.08,8,,

2686.76,10,,

2687.43,8,,

2688.11,9,,

2688.79,6,,

2689.47,2,,

2690.14,4,,

2690.82,6,,

2691.5,5,,

2692.17,7,,

2692.85,7,,

2693.53,1,,

2694.21,10,,

2694.88,6,,

2695.56,10,,

2696.24,9,,

2696.91,9,,

2697.59,8,,

2698.27,13,,

2698.95,11,,

2699.62,7,,

2700.3,12,,

2700.98,6,,

2701.66,11,,

2702.33,7,,

2703.01,5,,

2703.69,9,,

2704.36,7,,

2705.04,10,,

2705.72,8,,

2706.4,11,,

2707.07,5,,

2707.75,9,,

2708.43,4,,

2709.1,10,,

2709.78,6,,

2710.46,3,,

2711.14,11,,

2711.81,9,,

2712.49,9,,

2713.17,6,,

2713.84,9,,

2714.52,10,,

2715.2,3,,

2715.88,5,,

2716.55,4,,

2717.23,2,,

2717.91,10,,

2718.59,7,,

2719.26,3,,

2719.94,4,,

2720.62,6,,

2721.29,8,,

2721.97,6,,

2722.65,6,,

2723.33,6,,

2724,8,,

2724.68,6,,

2725.36,8,,

2726.03,15,,

2726.71,5,,

2727.39,7,,

2728.07,10,,

2728.74,5,,

2729.42,5,,

2730.1,8,,

2730.78,8,,

2731.45,8,,

2732.13,7,,

2732.81,5,,

2733.48,4,,

2734.16,7,,

2734.84,7,,

2735.52,6,,

2736.19,6,,

2736.87,7,,

2737.55,10,,

2738.22,3,,

2738.9,6,,

2739.58,9,,

2740.26,8,,

2740.93,6,,

2741.61,6,,

2742.29,6,,

2742.97,5,,

2743.64,6,,

2744.32,3,,

2745,7,,

2745.67,7,,

2746.35,12,,

2747.03,7,,

2747.71,0,,

2748.38,13,,

2749.06,11,,

2749.74,8,,

2750.41,6,,

2751.09,6,,

2751.77,9,,

2752.45,4,,

2753.12,10,,

2753.8,3,,

2754.48,6,,

2755.15,3,,

2755.83,11,,

2756.51,4,,

2757.19,8,,

2757.86,6,,

2758.54,1,,

2759.22,5,,

2759.9,7,,

2760.57,8,,

2761.25,12,,

2761.93,8,,

2762.6,6,,

2763.28,10,,

2763.96,5,,

2764.64,9,,

2765.31,7,,

2765.99,9,,

2766.67,6,,

2767.34,8,,

2768.02,8,,

2768.7,7,,

2769.38,10,,

2770.05,4,,

2770.73,6,,

2771.41,13,,

2772.09,8,,

2772.76,10,,

2773.44,6,,

2774.12,7,,