#Live,6.06E+05,Real,6.07E+05

#Energy, Data,,

0.938472,183,,

1.61568,74602,,

2.29289,83767,,

2.9701,22391,,

3.64732,5369,,

4.32453,7458,,

5.00174,9730,,

5.67895,12889,,

6.35616,14755,,

7.03337,15149,,

7.71058,15128,,

8.38779,15627,,

9.065,35465,,

9.74221,63858,,

10.4194,32568,,

11.0966,14760,,

11.7738,7430,,

12.4511,4950,,

13.1283,2913,,

13.8055,2509,,

14.4827,2347,,

15.1599,2235,,

15.8371,2053,,

16.5143,2045,,

17.1915,2040,,

17.8687,2009,,

18.546,1803,,

19.2232,1894,,

19.9004,1821,,

20.5776,1683,,

21.2548,1791,,

21.932,1735,,

22.6092,1686,,

23.2864,1615,,

23.9636,1646,,

24.6409,1624,,

25.3181,1491,,

25.9953,1555,,

26.6725,1574,,

27.3497,1494,,

28.0269,1488,,

28.7041,1456,,

29.3813,1448,,

30.0585,1481,,

30.7357,1435,,

31.413,1441,,

32.0902,1385,,

32.7674,1395,,

33.4446,1361,,

34.1218,1365,,

34.799,1382,,

35.4762,1288,,

36.1534,1282,,

36.8306,1326,,

37.5079,1400,,

38.1851,1360,,

38.8623,1314,,

39.5395,1255,,

40.2167,1355,,

40.8939,1245,,

41.5711,1325,,

42.2483,1227,,

42.9255,1240,,

43.6028,1292,,

44.28,1261,,

44.9572,1200,,

45.6344,1222,,

46.3116,1244,,

46.9888,1267,,

47.666,1297,,

48.3432,1225,,

49.0204,1202,,

49.6977,1180,,

50.3749,1214,,

51.0521,1233,,

51.7293,1155,,

52.4065,1193,,

53.0837,1176,,

53.7609,1297,,

54.4381,1276,,

55.1153,1183,,

55.7925,1233,,

56.4698,1223,,

57.147,1184,,

57.8242,1155,,

58.5014,1166,,

59.1786,1185,,

59.8558,1228,,

60.533,1178,,

61.2102,1205,,

61.8874,1178,,

62.5647,1245,,

63.2419,1222,,

63.9191,1199,,

64.5963,1221,,

65.2735,1213,,

65.9507,1252,,

66.6279,1234,,

67.3051,1305,,

67.9823,1225,,

68.6596,1200,,

69.3368,1227,,

70.014,1258,,

70.6912,1270,,

71.3684,1270,,

72.0456,1259,,

72.7228,1438,,

73.4,1592,,

74.0772,1380,,

74.7544,1619,,

75.4317,2425,,

76.1089,1576,,

76.7861,1428,,

77.4633,1951,,

78.1405,1523,,

78.8177,1269,,

79.4949,1279,,

80.1721,1251,,

80.8493,1291,,

81.5266,1280,,

82.2038,1356,,

82.881,1328,,

83.5582,1350,,

84.2354,1526,,

84.9126,1692,,

85.5898,1771,,

86.267,1418,,

86.9442,1444,,

87.6215,1803,,

88.2987,1640,,

88.9759,1413,,

89.6531,1281,,

90.3303,1524,,

91.0075,1353,,

91.6847,1419,,

92.3619,1411,,

93.0391,1525,,

93.7164,1556,,

94.3936,1399,,

95.0708,1400,,

95.748,1381,,

96.4252,1387,,

97.1024,1397,,

97.7796,1437,,

98.4568,1437,,

99.134,1447,,

99.8112,1512,,

100.488,1503,,

101.166,1475,,

101.843,1452,,

102.52,1562,,

103.197,1489,,

103.875,1507,,

104.552,1553,,

105.229,1603,,

105.906,1587,,

106.583,1593,,

107.261,1480,,

107.938,1628,,

108.615,1614,,

109.292,1649,,

109.969,1560,,

110.647,1591,,

111.324,1663,,

112.001,1652,,

112.678,1655,,

113.355,1706,,

114.033,1715,,

114.71,1728,,

115.387,1706,,

116.064,1746,,

116.742,1683,,

117.419,1591,,

118.096,1675,,

118.773,1647,,

119.45,1651,,

120.128,1703,,

120.805,1718,,

121.482,1764,,

122.159,1702,,

122.836,1787,,

123.514,1744,,

124.191,1808,,

124.868,1745,,

125.545,1810,,

126.222,1797,,

126.9,1721,,

127.577,1795,,

128.254,1844,,

128.931,1864,,

129.609,1889,,

130.286,1784,,

130.963,1921,,

131.64,1844,,

132.317,1729,,

132.995,1779,,

133.672,1815,,

134.349,1867,,

135.026,1856,,

135.703,1893,,

136.381,1828,,

137.058,1845,,

137.735,1823,,

138.412,1920,,

139.089,1844,,

139.767,1912,,

140.444,1947,,

141.121,1788,,

141.798,1845,,

142.476,1839,,

143.153,1899,,

143.83,1876,,

144.507,1880,,

145.184,1943,,

145.862,1848,,

146.539,1930,,

147.216,1873,,

147.893,1994,,

148.57,1869,,

149.248,1942,,

149.925,1903,,

150.602,1899,,

151.279,1900,,

151.956,1871,,

152.634,1964,,

153.311,1992,,

153.988,1865,,

154.665,1909,,

155.343,1918,,

156.02,1851,,

156.697,1906,,

157.374,1890,,

158.051,1853,,

158.729,1978,,

159.406,1854,,

160.083,1885,,

160.76,1950,,

161.437,1894,,

162.115,1891,,

162.792,1832,,

163.469,1831,,

164.146,1866,,

164.823,1824,,

165.501,1833,,

166.178,1834,,

166.855,1885,,

167.532,1944,,

168.21,1873,,

168.887,1893,,

169.564,1858,,

170.241,1848,,

170.918,1928,,

171.596,1838,,

172.273,1819,,

172.95,1914,,

173.627,1824,,

174.304,1817,,

174.982,1832,,

175.659,1908,,

176.336,1880,,

177.013,1852,,

177.69,1877,,

178.368,1888,,

179.045,1758,,

179.722,1846,,

180.399,1769,,

181.077,1771,,

181.754,1798,,

182.431,1813,,

183.108,1896,,

183.785,1853,,

184.463,1860,,

185.14,1776,,

185.817,1955,,

186.494,2020,,

187.171,1864,,

187.849,1770,,

188.526,1852,,

189.203,1772,,

189.88,1774,,

190.557,1688,,

191.235,1830,,

191.912,1761,,

192.589,1776,,

193.266,1735,,

193.944,1690,,

194.621,1758,,

195.298,1718,,

195.975,1698,,

196.652,1728,,

197.33,1756,,

198.007,1789,,

198.684,1734,,

199.361,1694,,

200.038,1741,,

200.716,1692,,

201.393,1672,,

202.07,1689,,

202.747,1687,,

203.424,1672,,

204.102,1715,,

204.779,1679,,

205.456,1649,,

206.133,1593,,

206.811,1698,,

207.488,1600,,

208.165,1611,,

208.842,1676,,

209.519,1742,,

210.197,1647,,

210.874,1575,,

211.551,1554,,

212.228,1639,,

212.905,1551,,

213.583,1599,,

214.26,1627,,

214.937,1695,,

215.614,1636,,

216.292,1640,,

216.969,1625,,

217.646,1531,,

218.323,1563,,

219,1539,,

219.678,1525,,

220.355,1569,,

221.032,1534,,

221.709,1582,,

222.386,1554,,

223.064,1598,,

223.741,1528,,

224.418,1519,,

225.095,1596,,

225.772,1581,,

226.45,1561,,

227.127,1455,,

227.804,1552,,

228.481,1546,,

229.159,1487,,

229.836,1494,,

230.513,1444,,

231.19,1389,,

231.867,1494,,

232.545,1509,,

233.222,1433,,

233.899,1443,,

234.576,1433,,

235.253,1468,,

235.931,1563,,

236.608,1451,,

237.285,1401,,

237.962,1549,,

238.639,2284,,

239.317,2462,,

239.994,1537,,

240.671,1497,,

241.348,1476,,

242.026,1760,,

242.703,1724,,

243.38,1404,,

244.057,1427,,

244.734,1340,,

245.412,1374,,

246.089,1348,,

246.766,1351,,

247.443,1328,,

248.12,1376,,

248.798,1305,,

249.475,1334,,

250.152,1383,,

250.829,1296,,

251.506,1288,,

252.184,1321,,

252.861,1311,,

253.538,1365,,

254.215,1335,,

254.893,1335,,

255.57,1245,,

256.247,1242,,

256.924,1329,,

257.601,1239,,

258.279,1311,,

258.956,1288,,

259.633,1273,,

260.31,1304,,

260.987,1305,,

261.665,1236,,

262.342,1279,,

263.019,1232,,

263.696,1226,,

264.373,1248,,

265.051,1298,,

265.728,1202,,

266.405,1250,,

267.082,1242,,

267.76,1188,,

268.437,1224,,

269.114,1185,,

269.791,1271,,

270.468,1263,,

271.146,1257,,

271.823,1253,,

272.5,1177,,

273.177,1139,,

273.854,1154,,

274.532,1250,,

275.209,1190,,

275.886,1179,,

276.563,1151,,

277.24,1232,,

277.918,1178,,

278.595,1200,,

279.272,1136,,

279.949,1100,,

280.627,1169,,

281.304,1193,,

281.981,1111,,

282.658,1154,,

283.335,1131,,

284.013,1124,,

284.69,1066,,

285.367,1116,,

286.044,1086,,

286.721,1125,,

287.399,1083,,

288.076,1091,,

288.753,1098,,

289.43,1067,,

290.107,1043,,

290.785,1100,,

291.462,1072,,

292.139,1095,,

292.816,1011,,

293.494,1066,,

294.171,1061,,

294.848,1317,,

295.525,1901,,

296.202,1453,,

296.88,1114,,

297.557,1075,,

298.234,1035,,

298.911,1075,,

299.588,1065,,

300.266,1149,,

300.943,1041,,

301.62,1086,,

302.297,1014,,

302.974,1045,,

303.652,1028,,

304.329,1014,,

305.006,1010,,

305.683,1018,,

306.361,980,,

307.038,981,,

307.715,1004,,

308.392,1003,,

309.069,986,,

309.747,1000,,

310.424,983,,

311.101,958,,

311.778,1007,,

312.455,999,,

313.133,1022,,

313.81,926,,

314.487,981,,

315.164,961,,

315.841,997,,

316.519,962,,

317.196,970,,

317.873,877,,

318.55,939,,

319.228,963,,

319.905,970,,

320.582,929,,

321.259,871,,

321.936,901,,

322.614,941,,

323.291,930,,

323.968,923,,

324.645,939,,

325.322,904,,

326,882,,

326.677,929,,

327.354,932,,

328.031,940,,

328.708,948,,

329.386,923,,

330.063,888,,

330.74,1052,,

331.417,1567,,

332.095,4283,,

332.772,1303,,

333.449,861,,

334.126,892,,

334.803,857,,

335.481,844,,

336.158,902,,

336.835,919,,

337.512,887,,

338.189,955,,

338.867,1039,,

339.544,873,,

340.221,863,,

340.898,825,,

341.576,840,,

342.253,810,,

342.93,785,,

343.607,784,,

344.284,807,,

344.962,859,,

345.639,832,,

346.316,820,,

346.993,768,,

347.67,794,,

348.348,825,,

349.025,800,,

349.702,824,,

350.379,768,,

351.056,806,,

351.734,1413,,

352.411,2098,,

353.088,1336,,

353.765,836,,

354.443,782,,

355.12,754,,

355.797,736,,

356.474,781,,

357.151,742,,

357.829,767,,

358.506,729,,

359.183,772,,

359.86,718,,

360.537,772,,

361.215,695,,

361.892,754,,

362.569,708,,

363.246,701,,

363.923,722,,

364.601,688,,

365.278,736,,

365.955,726,,

366.632,700,,

367.31,709,,

367.987,663,,

368.664,725,,

369.341,721,,

370.018,717,,

370.696,735,,

371.373,728,,

372.05,728,,

372.727,749,,

373.404,708,,

374.082,665,,

374.759,677,,

375.436,703,,

376.113,661,,

376.79,714,,

377.468,628,,

378.145,670,,

378.822,690,,

379.499,677,,

380.177,669,,

380.854,612,,

381.531,676,,

382.208,672,,

382.885,663,,

383.563,636,,

384.24,578,,

384.917,653,,

385.594,664,,

386.271,649,,

386.949,619,,

387.626,661,,

388.303,645,,

388.98,622,,

389.657,664,,

390.335,662,,

391.012,625,,

391.689,639,,

392.366,635,,

393.044,591,,

393.721,605,,

394.398,611,,

395.075,627,,

395.752,618,,

396.43,666,,

397.107,595,,

397.784,629,,

398.461,622,,

399.138,528,,

399.816,560,,

400.493,610,,

401.17,552,,

401.847,591,,

402.524,615,,

403.202,573,,

403.879,578,,

404.556,579,,

405.233,573,,

405.911,575,,

406.588,597,,

407.265,613,,

407.942,574,,

408.619,582,,

409.297,620,,

409.974,595,,

410.651,611,,

411.328,570,,

412.005,571,,

412.683,559,,

413.36,556,,

414.037,554,,

414.714,545,,

415.391,560,,

416.069,545,,

416.746,592,,

417.423,562,,

418.1,554,,

418.778,556,,

419.455,517,,

420.132,560,,

420.809,555,,

421.486,549,,

422.164,523,,

422.841,568,,

423.518,557,,

424.195,550,,

424.872,517,,

425.55,518,,

426.227,555,,

426.904,520,,

427.581,550,,

428.258,511,,

428.936,538,,

429.613,523,,

430.29,492,,

430.967,500,,

431.645,564,,

432.322,507,,

432.999,513,,

433.676,510,,

434.353,517,,

435.031,475,,

435.708,479,,

436.385,499,,

437.062,491,,

437.739,512,,

438.417,503,,

439.094,486,,

439.771,518,,

440.448,509,,

441.125,491,,

441.803,512,,

442.48,471,,

443.157,487,,

443.834,524,,

444.512,461,,

445.189,487,,

445.866,482,,

446.543,486,,

447.22,463,,

447.898,474,,

448.575,479,,

449.252,497,,

449.929,492,,

450.606,486,,

451.284,426,,

451.961,450,,

452.638,475,,

453.315,461,,

453.992,472,,

454.67,446,,

455.347,455,,

456.024,482,,

456.701,488,,

457.379,492,,

458.056,471,,

458.733,428,,

459.41,422,,

460.087,481,,

460.765,416,,

461.442,452,,

462.119,453,,

462.796,454,,

463.473,472,,

464.151,496,,

464.828,418,,

465.505,488,,

466.182,451,,

466.859,422,,

467.537,456,,

468.214,457,,

468.891,451,,

469.568,446,,

470.246,425,,

470.923,394,,

471.6,442,,

472.277,398,,

472.954,392,,

473.632,431,,

474.309,443,,

474.986,433,,

475.663,418,,

476.34,425,,

477.018,411,,

477.695,422,,

478.372,417,,

479.049,414,,

479.727,422,,

480.404,426,,

481.081,417,,

481.758,398,,

482.435,415,,

483.113,433,,

483.79,423,,

484.467,397,,

485.144,379,,

485.821,401,,

486.499,419,,

487.176,370,,

487.853,451,,

488.53,419,,

489.207,385,,

489.885,377,,

490.562,403,,

491.239,359,,

491.916,378,,

492.594,399,,

493.271,374,,

493.948,398,,

494.625,371,,

495.302,404,,

495.98,365,,

496.657,376,,

497.334,370,,

498.011,383,,

498.688,417,,

499.366,382,,

500.043,347,,

500.72,384,,

501.397,390,,

502.074,385,,

502.752,345,,

503.429,407,,

504.106,382,,

504.783,380,,

505.461,398,,

506.138,402,,

506.815,397,,

507.492,433,,

508.169,503,,

508.847,578,,

509.524,912,,

510.201,1728,,

510.878,2505,,

511.555,2591,,

512.233,1952,,

512.91,1288,,

513.587,703,,

514.264,524,,

514.941,347,,

515.619,384,,

516.296,359,,

516.973,390,,

517.65,346,,

518.328,338,,

519.005,344,,

519.682,376,,

520.359,317,,

521.036,333,,

521.714,343,,

522.391,296,,

523.068,359,,

523.745,287,,

524.422,349,,

525.1,344,,

525.777,324,,

526.454,330,,

527.131,311,,

527.808,308,,

528.486,348,,

529.163,304,,

529.84,335,,

530.517,327,,

531.195,317,,

531.872,296,,

532.549,312,,

533.226,291,,

533.903,311,,

534.581,314,,

535.258,308,,

535.935,351,,

536.612,316,,

537.289,318,,

537.967,327,,

538.644,297,,

539.321,300,,

539.998,300,,

540.675,297,,

541.353,314,,

542.03,304,,

542.707,298,,

543.384,290,,

544.062,299,,

544.739,313,,

545.416,302,,

546.093,307,,

546.77,255,,

547.448,289,,

548.125,298,,

548.802,305,,

549.479,305,,

550.156,287,,

550.834,263,,

551.511,283,,

552.188,301,,

552.865,268,,

553.542,264,,

554.22,292,,

554.897,296,,

555.574,293,,

556.251,301,,

556.929,286,,

557.606,290,,

558.283,275,,

558.96,285,,

559.637,269,,

560.315,296,,

560.992,283,,

561.669,289,,

562.346,288,,

563.023,313,,

563.701,276,,

564.378,308,,

565.055,263,,

565.732,282,,

566.409,248,,

567.087,299,,

567.764,269,,

568.441,269,,

569.118,288,,

569.796,314,,

570.473,307,,

571.15,264,,

571.827,261,,

572.504,284,,

573.182,262,,

573.859,287,,

574.536,292,,

575.213,254,,

575.89,279,,

576.568,255,,

577.245,308,,

577.922,291,,

578.599,263,,

579.276,253,,

579.954,260,,

580.631,286,,

581.308,256,,

581.985,273,,

582.663,399,,

583.34,540,,

584.017,482,,

584.694,315,,

585.371,289,,

586.049,266,,

586.726,283,,

587.403,276,,

588.08,257,,

588.757,241,,

589.435,248,,

590.112,260,,

590.789,281,,

591.466,254,,

592.143,253,,

592.821,269,,

593.498,261,,

594.175,235,,

594.852,235,,

595.53,267,,

596.207,257,,

596.884,267,,

597.561,256,,

598.238,248,,

598.916,266,,

599.593,262,,

600.27,273,,

600.947,238,,

601.624,271,,

602.302,268,,

602.979,262,,

603.656,261,,

604.333,232,,

605.01,277,,

605.688,267,,

606.365,264,,

607.042,252,,

607.719,278,,

608.397,362,,

609.074,801,,

609.751,1079,,

610.428,577,,

611.105,305,,

611.783,227,,

612.46,246,,

613.137,245,,

613.814,226,,

614.491,278,,

615.169,258,,

615.846,273,,

616.523,230,,

617.2,264,,

617.878,237,,

618.555,214,,

619.232,236,,

619.909,226,,

620.586,233,,

621.264,219,,

621.941,229,,

622.618,232,,

623.295,259,,

623.972,240,,

624.65,208,,

625.327,234,,

626.004,231,,

626.681,224,,

627.358,270,,

628.036,235,,

628.713,233,,

629.39,207,,

630.067,226,,

630.745,254,,

631.422,252,,

632.099,232,,

632.776,229,,

633.453,219,,

634.131,238,,

634.808,244,,

635.485,237,,

636.162,209,,

636.839,220,,

637.517,226,,

638.194,250,,

638.871,232,,

639.548,226,,

640.225,190,,

640.903,232,,

641.58,197,,

642.257,193,,

642.934,204,,

643.612,223,,

644.289,219,,

644.966,234,,

645.643,229,,

646.32,217,,

646.998,245,,

647.675,233,,

648.352,216,,

649.029,228,,

649.706,200,,

650.384,231,,

651.061,228,,

651.738,200,,

652.415,242,,

653.092,204,,

653.77,226,,

654.447,210,,

655.124,214,,

655.801,204,,

656.479,225,,

657.156,240,,

657.833,202,,

658.51,190,,

659.187,220,,

659.865,204,,

660.542,249,,

661.219,357,,

661.896,582,,

662.573,458,,

663.251,236,,

663.928,215,,

664.605,242,,

665.282,210,,

665.959,250,,

666.637,228,,

667.314,199,,

667.991,219,,

668.668,211,,

669.346,214,,

670.023,243,,

670.7,223,,

671.377,204,,

672.054,210,,

672.732,209,,

673.409,190,,

674.086,200,,

674.763,221,,

675.44,219,,

676.118,209,,

676.795,202,,

677.472,222,,

678.149,193,,

678.826,173,,

679.504,221,,

680.181,217,,

680.858,194,,

681.535,153,,

682.213,187,,

682.89,212,,

683.567,225,,

684.244,198,,

684.921,192,,

685.599,214,,

686.276,201,,

686.953,210,,

687.63,211,,

688.307,169,,

688.985,202,,

689.662,210,,

690.339,184,,

691.016,188,,

691.693,176,,

692.371,186,,

693.048,211,,

693.725,220,,

694.402,215,,

695.08,204,,

695.757,184,,

696.434,227,,

697.111,202,,

697.788,187,,

698.466,183,,

699.143,200,,

699.82,177,,

700.497,205,,

701.174,175,,

701.852,183,,

702.529,217,,

703.206,216,,

703.883,208,,

704.56,201,,

705.238,186,,

705.915,197,,

706.592,196,,

707.269,192,,

707.947,188,,

708.624,213,,

709.301,167,,

709.978,181,,

710.655,185,,

711.333,194,,

712.01,212,,

712.687,205,,

713.364,181,,

714.041,184,,

714.719,188,,

715.396,183,,

716.073,187,,

716.75,186,,

717.427,195,,

718.105,202,,

718.782,190,,

719.459,195,,

720.136,181,,

720.814,181,,

721.491,204,,

722.168,201,,

722.845,177,,

723.522,205,,

724.2,191,,

724.877,177,,

725.554,152,,

726.231,200,,

726.908,231,,

727.586,211,,

728.263,212,,

728.94,182,,

729.617,189,,

730.294,189,,

730.972,162,,

731.649,170,,

732.326,206,,

733.003,174,,

733.681,165,,

734.358,171,,

735.035,182,,

735.712,187,,

736.389,185,,

737.067,185,,

737.744,202,,

738.421,168,,

739.098,152,,

739.775,199,,

740.453,168,,

741.13,169,,

741.807,187,,

742.484,169,,

743.161,196,,

743.839,169,,

744.516,171,,

745.193,168,,

745.87,186,,

746.548,169,,

747.225,189,,

747.902,157,,

748.579,178,,

749.256,195,,

749.934,183,,

750.611,145,,

751.288,176,,

751.965,151,,

752.642,200,,

753.32,160,,

753.997,169,,

754.674,178,,

755.351,179,,

756.029,187,,

756.706,161,,

757.383,164,,

758.06,170,,

758.737,164,,

759.415,168,,

760.092,165,,

760.769,148,,

761.446,179,,

762.123,162,,

762.801,158,,

763.478,150,,

764.155,150,,

764.832,188,,

765.509,175,,

766.187,177,,

766.864,171,,

767.541,194,,

768.218,233,,

768.896,245,,

769.573,184,,

770.25,181,,

770.927,170,,

771.604,170,,

772.282,177,,

772.959,161,,

773.636,177,,

774.313,170,,

774.99,190,,

775.668,171,,

776.345,170,,

777.022,143,,

777.699,150,,

778.376,158,,

779.054,172,,

779.731,168,,

780.408,167,,

781.085,159,,

781.763,173,,

782.44,177,,

783.117,152,,

783.794,154,,

784.471,174,,

785.149,164,,

785.826,199,,

786.503,175,,

787.18,152,,

787.857,156,,

788.535,157,,

789.212,148,,

789.889,161,,

790.566,147,,

791.243,163,,

791.921,136,,

792.598,135,,

793.275,177,,

793.952,151,,

794.63,177,,

795.307,194,,

795.984,181,,

796.661,140,,

797.338,127,,

798.016,148,,

798.693,135,,

799.37,162,,

800.047,149,,

800.724,142,,

801.402,183,,

802.079,172,,

802.756,270,,

803.433,296,,

804.11,208,,

804.788,138,,

805.465,155,,

806.142,163,,

806.819,166,,

807.497,150,,

808.174,142,,

808.851,154,,

809.528,170,,

810.205,163,,

810.883,167,,

811.56,163,,

812.237,162,,

812.914,126,,

813.591,128,,

814.269,164,,

814.946,168,,

815.623,155,,

816.3,163,,

816.977,186,,

817.655,156,,

818.332,168,,

819.009,139,,

819.686,137,,

820.364,153,,

821.041,175,,

821.718,158,,

822.395,156,,

823.072,145,,

823.75,139,,

824.427,164,,

825.104,137,,

825.781,157,,

826.458,141,,

827.136,151,,

827.813,136,,

828.49,142,,

829.167,168,,

829.844,156,,

830.522,150,,

831.199,150,,

831.876,129,,

832.553,141,,

833.231,157,,

833.908,174,,

834.585,160,,

835.262,178,,

835.939,142,,

836.617,157,,

837.294,159,,

837.971,154,,

838.648,164,,

839.325,146,,

840.003,165,,

840.68,160,,

841.357,147,,

842.034,173,,

842.711,142,,

843.389,158,,

844.066,145,,

844.743,165,,

845.42,145,,

846.098,146,,

846.775,171,,

847.452,171,,

848.129,159,,

848.806,140,,

849.484,161,,

850.161,146,,

850.838,144,,

851.515,150,,

852.192,151,,

852.87,129,,

853.547,146,,

854.224,133,,

854.901,185,,

855.578,137,,

856.256,137,,

856.933,135,,

857.61,171,,

858.287,143,,

858.965,161,,

859.642,145,,

860.319,168,,

860.996,172,,

861.673,158,,

862.351,141,,

863.028,140,,

863.705,133,,

864.382,151,,

865.059,115,,

865.737,146,,

866.414,151,,

867.091,162,,

867.768,145,,

868.445,148,,

869.123,140,,

869.8,142,,

870.477,141,,

871.154,141,,

871.832,155,,

872.509,149,,

873.186,136,,

873.863,132,,

874.54,133,,

875.218,143,,

875.895,130,,

876.572,125,,

877.249,159,,

877.926,137,,

878.604,144,,

879.281,145,,

879.958,149,,

880.635,128,,

881.312,140,,

881.99,147,,

882.667,144,,

883.344,159,,

884.021,130,,

884.699,133,,

885.376,147,,

886.053,151,,

886.73,136,,

887.407,133,,

888.085,139,,

888.762,133,,

889.439,118,,

890.116,128,,

890.793,136,,

891.471,109,,

892.148,137,,

892.825,137,,

893.502,132,,

894.18,143,,

894.857,134,,

895.534,136,,

896.211,149,,

896.888,142,,

897.566,148,,

898.243,148,,

898.92,130,,

899.597,147,,

900.274,117,,

900.952,148,,

901.629,108,,

902.306,135,,

902.983,139,,

903.66,152,,

904.338,163,,

905.015,151,,

905.692,135,,

906.369,139,,

907.047,154,,

907.724,119,,

908.401,146,,

909.078,125,,

909.755,143,,

910.433,215,,

911.11,294,,

911.787,256,,

912.464,171,,

913.141,131,,

913.819,138,,

914.496,127,,

915.173,124,,

915.85,131,,

916.527,134,,

917.205,130,,

917.882,124,,

918.559,139,,

919.236,120,,

919.914,140,,

920.591,118,,

921.268,149,,

921.945,117,,

922.622,133,,

923.3,127,,

923.977,141,,

924.654,103,,

925.331,107,,

926.008,125,,

926.686,119,,

927.363,125,,

928.04,132,,

928.717,131,,

929.394,129,,

930.072,139,,

930.749,117,,

931.426,130,,

932.103,102,,

932.781,143,,

933.458,131,,

934.135,163,,

934.812,147,,

935.489,129,,

936.167,112,,

936.844,120,,

937.521,116,,

938.198,136,,

938.875,150,,

939.553,152,,

940.23,126,,

940.907,116,,

941.584,122,,

942.261,142,,

942.939,136,,

943.616,125,,

944.293,128,,

944.97,117,,

945.648,130,,

946.325,128,,

947.002,112,,

947.679,146,,

948.356,138,,

949.034,114,,

949.711,119,,

950.388,136,,

951.065,114,,

951.742,122,,

952.42,126,,

953.097,119,,

953.774,134,,

954.451,119,,

955.128,114,,

955.806,114,,

956.483,117,,

957.16,115,,

957.837,139,,

958.515,145,,

959.192,116,,

959.869,135,,

960.546,112,,

961.223,118,,

961.901,152,,

962.578,146,,

963.255,109,,

963.932,138,,

964.609,163,,

965.287,143,,

965.964,108,,

966.641,134,,

967.318,138,,

967.995,185,,

968.673,240,,

969.35,213,,

970.027,173,,

970.704,115,,

971.382,114,,

972.059,143,,

972.736,137,,

973.413,116,,

974.09,96,,

974.768,112,,

975.445,139,,

976.122,114,,

976.799,95,,

977.476,123,,

978.154,120,,

978.831,115,,

979.508,102,,

980.185,120,,

980.862,121,,

981.54,130,,

982.217,110,,

982.894,116,,

983.571,115,,

984.249,117,,

984.926,117,,

985.603,127,,

986.28,115,,

986.957,127,,

987.635,121,,

988.312,122,,

988.989,118,,

989.666,123,,

990.343,126,,

991.021,119,,

991.698,119,,

992.375,104,,

993.052,114,,

993.729,116,,

994.407,98,,

995.084,115,,

995.761,124,,

996.438,113,,

997.116,108,,

997.793,109,,

998.47,126,,

999.147,129,,

999.824,116,,

1000.5,131,,

1001.18,123,,

1001.86,116,,

1002.53,132,,

1003.21,111,,

1003.89,105,,

1004.56,109,,

1005.24,102,,

1005.92,113,,

1006.6,105,,

1007.27,113,,

1007.95,120,,

1008.63,106,,

1009.31,108,,

1009.98,96,,

1010.66,111,,

1011.34,99,,

1012.01,136,,

1012.69,125,,

1013.37,123,,

1014.05,105,,

1014.72,117,,

1015.4,119,,

1016.08,111,,

1016.75,114,,

1017.43,123,,

1018.11,101,,

1018.79,104,,

1019.46,129,,

1020.14,121,,

1020.82,125,,

1021.5,128,,

1022.17,108,,

1022.85,101,,

1023.53,101,,

1024.2,111,,

1024.88,141,,

1025.56,126,,

1026.24,121,,

1026.91,113,,

1027.59,106,,

1028.27,105,,

1028.94,128,,

1029.62,113,,

1030.3,121,,

1030.98,126,,

1031.65,130,,

1032.33,120,,

1033.01,126,,

1033.68,107,,

1034.36,127,,

1035.04,99,,

1035.72,107,,

1036.39,119,,

1037.07,124,,

1037.75,109,,

1038.43,105,,

1039.1,110,,

1039.78,101,,

1040.46,110,,

1041.13,130,,

1041.81,104,,

1042.49,104,,

1043.17,103,,

1043.84,129,,

1044.52,106,,

1045.2,107,,

1045.87,96,,

1046.55,110,,

1047.23,120,,

1047.91,120,,

1048.58,105,,

1049.26,134,,

1049.94,103,,

1050.62,101,,

1051.29,110,,

1051.97,115,,

1052.65,113,,

1053.32,109,,

1054,114,,

1054.68,128,,

1055.36,133,,

1056.03,111,,

1056.71,113,,

1057.39,116,,

1058.06,131,,

1058.74,120,,

1059.42,120,,

1060.1,109,,

1060.77,106,,

1061.45,124,,

1062.13,100,,

1062.81,106,,

1063.48,115,,

1064.16,111,,

1064.84,119,,

1065.51,104,,

1066.19,102,,

1066.87,107,,

1067.55,110,,

1068.22,119,,

1068.9,99,,

1069.58,112,,

1070.25,96,,

1070.93,128,,

1071.61,117,,

1072.29,110,,

1072.96,102,,

1073.64,93,,

1074.32,110,,

1074.99,124,,

1075.67,115,,

1076.35,109,,

1077.03,107,,

1077.7,109,,

1078.38,106,,

1079.06,125,,

1079.74,107,,

1080.41,101,,

1081.09,113,,

1081.77,104,,

1082.44,118,,

1083.12,106,,

1083.8,122,,

1084.48,108,,

1085.15,93,,

1085.83,103,,

1086.51,121,,

1087.18,121,,

1087.86,91,,

1088.54,108,,

1089.22,97,,

1089.89,111,,

1090.57,107,,

1091.25,116,,

1091.93,93,,

1092.6,118,,

1093.28,120,,

1093.96,103,,

1094.63,107,,

1095.31,114,,

1095.99,109,,

1096.67,107,,

1097.34,106,,

1098.02,112,,

1098.7,111,,

1099.37,103,,

1100.05,103,,

1100.73,111,,

1101.41,106,,

1102.08,104,,

1102.76,114,,

1103.44,106,,

1104.11,105,,

1104.79,123,,

1105.47,108,,

1106.15,121,,

1106.82,125,,

1107.5,105,,

1108.18,98,,

1108.86,116,,

1109.53,114,,

1110.21,108,,

1110.89,130,,

1111.56,108,,

1112.24,110,,

1112.92,121,,

1113.6,109,,

1114.27,108,,

1114.95,126,,

1115.63,106,,

1116.3,106,,

1116.98,120,,

1117.66,115,,

1118.34,108,,

1119.01,162,,

1119.69,264,,

1120.37,277,,

1121.05,154,,

1121.72,123,,

1122.4,130,,

1123.08,108,,

1123.75,110,,

1124.43,112,,

1125.11,103,,

1125.79,96,,

1126.46,101,,

1127.14,109,,

1127.82,98,,

1128.49,116,,

1129.17,110,,

1129.85,96,,

1130.53,98,,

1131.2,100,,

1131.88,88,,

1132.56,108,,

1133.23,120,,

1133.91,109,,

1134.59,107,,

1135.27,112,,

1135.94,91,,

1136.62,121,,

1137.3,107,,

1137.98,108,,

1138.65,116,,

1139.33,118,,

1140.01,119,,

1140.68,105,,

1141.36,89,,

1142.04,107,,

1142.72,115,,

1143.39,110,,

1144.07,103,,

1144.75,117,,

1145.42,102,,

1146.1,93,,

1146.78,123,,

1147.46,102,,

1148.13,86,,

1148.81,104,,

1149.49,105,,

1150.17,115,,

1150.84,120,,

1151.52,92,,

1152.2,107,,

1152.87,109,,

1153.55,119,,

1154.23,100,,

1154.91,122,,

1155.58,108,,

1156.26,131,,

1156.94,118,,

1157.61,113,,

1158.29,90,,

1158.97,117,,

1159.65,103,,

1160.32,92,,

1161,90,,

1161.68,116,,

1162.35,122,,

1163.03,107,,

1163.71,102,,

1164.39,107,,

1165.06,99,,

1165.74,86,,

1166.42,101,,

1167.1,105,,

1167.77,97,,

1168.45,97,,

1169.13,109,,

1169.8,94,,

1170.48,116,,

1171.16,107,,

1171.84,114,,

1172.51,118,,

1173.19,121,,

1173.87,132,,

1174.54,101,,

1175.22,118,,

1175.9,121,,

1176.58,114,,

1177.25,97,,

1177.93,98,,

1178.61,102,,

1179.29,91,,

1179.96,95,,

1180.64,98,,

1181.32,114,,

1181.99,108,,

1182.67,97,,

1183.35,88,,

1184.03,103,,

1184.7,93,,

1185.38,103,,

1186.06,104,,

1186.73,87,,

1187.41,104,,

1188.09,86,,

1188.77,90,,

1189.44,101,,

1190.12,85,,

1190.8,102,,

1191.48,82,,

1192.15,106,,

1192.83,96,,

1193.51,101,,

1194.18,101,,

1194.86,80,,

1195.54,75,,

1196.22,109,,

1196.89,85,,

1197.57,105,,

1198.25,99,,

1198.92,118,,

1199.6,101,,

1200.28,99,,

1200.96,104,,

1201.63,116,,

1202.31,75,,

1202.99,100,,

1203.66,103,,

1204.34,115,,

1205.02,96,,

1205.7,104,,

1206.37,99,,

1207.05,102,,

1207.73,95,,

1208.41,108,,

1209.08,112,,

1209.76,92,,

1210.44,99,,

1211.11,87,,

1211.79,85,,

1212.47,84,,

1213.15,88,,

1213.82,104,,

1214.5,111,,

1215.18,92,,

1215.85,94,,

1216.53,98,,

1217.21,97,,

1217.89,98,,

1218.56,120,,

1219.24,86,,

1219.92,95,,

1220.6,97,,

1221.27,95,,

1221.95,80,,

1222.63,105,,

1223.3,105,,

1223.98,82,,

1224.66,101,,

1225.34,86,,

1226.01,82,,

1226.69,80,,

1227.37,93,,

1228.04,96,,

1228.72,104,,

1229.4,95,,

1230.08,87,,

1230.75,90,,

1231.43,97,,

1232.11,88,,

1232.78,76,,

1233.46,89,,

1234.14,89,,

1234.82,87,,

1235.49,82,,

1236.17,113,,

1236.85,128,,

1237.53,160,,

1238.2,165,,

1238.88,131,,

1239.56,104,,

1240.23,93,,

1240.91,102,,

1241.59,87,,

1242.27,94,,

1242.94,94,,

1243.62,86,,

1244.3,94,,

1244.97,97,,

1245.65,95,,

1246.33,82,,

1247.01,99,,

1247.68,96,,

1248.36,91,,

1249.04,81,,

1249.72,95,,

1250.39,92,,

1251.07,110,,

1251.75,91,,

1252.42,75,,

1253.1,115,,

1253.78,69,,

1254.46,89,,

1255.13,96,,

1255.81,91,,

1256.49,88,,

1257.16,95,,

1257.84,90,,

1258.52,87,,

1259.2,90,,

1259.87,82,,

1260.55,98,,

1261.23,83,,

1261.91,94,,

1262.58,84,,

1263.26,82,,

1263.94,84,,

1264.61,75,,

1265.29,94,,

1265.97,84,,

1266.65,88,,

1267.32,91,,

1268,87,,

1268.68,58,,

1269.35,79,,

1270.03,81,,

1270.71,90,,

1271.39,82,,

1272.06,81,,

1272.74,82,,

1273.42,87,,

1274.09,97,,

1274.77,85,,

1275.45,98,,

1276.13,77,,

1276.8,87,,

1277.48,75,,

1278.16,94,,

1278.84,81,,

1279.51,81,,

1280.19,98,,

1280.87,104,,

1281.54,95,,

1282.22,82,,

1282.9,75,,

1283.58,91,,

1284.25,96,,

1284.93,89,,

1285.61,90,,

1286.28,98,,

1286.96,80,,

1287.64,86,,

1288.32,75,,

1288.99,82,,

1289.67,82,,

1290.35,99,,

1291.03,94,,

1291.7,100,,

1292.38,75,,

1293.06,77,,

1293.73,75,,

1294.41,85,,

1295.09,83,,

1295.77,102,,

1296.44,86,,

1297.12,70,,

1297.8,78,,

1298.47,89,,

1299.15,70,,

1299.83,82,,

1300.51,95,,

1301.18,74,,

1301.86,89,,

1302.54,76,,

1303.21,73,,

1303.89,74,,

1304.57,62,,

1305.25,87,,

1305.92,80,,

1306.6,85,,

1307.28,81,,

1307.96,79,,

1308.63,80,,

1309.31,87,,

1309.99,82,,

1310.66,88,,

1311.34,80,,

1312.02,71,,

1312.7,93,,

1313.37,60,,

1314.05,68,,

1314.73,87,,

1315.4,83,,

1316.08,80,,

1316.76,84,,

1317.44,92,,

1318.11,86,,

1318.79,64,,

1319.47,79,,

1320.15,84,,

1320.82,75,,

1321.5,66,,

1322.18,73,,

1322.85,92,,

1323.53,81,,

1324.21,77,,

1324.89,81,,

1325.56,59,,

1326.24,93,,

1326.92,87,,

1327.59,93,,

1328.27,80,,

1328.95,85,,

1329.63,83,,

1330.3,68,,

1330.98,84,,

1331.66,88,,

1332.33,86,,

1333.01,87,,

1333.69,76,,

1334.37,68,,

1335.04,54,,

1335.72,82,,

1336.4,82,,

1337.08,67,,

1337.75,72,,

1338.43,73,,

1339.11,64,,

1339.78,81,,

1340.46,66,,

1341.14,80,,

1341.82,66,,

1342.49,83,,

1343.17,84,,

1343.85,89,,

1344.52,86,,

1345.2,96,,

1345.88,73,,

1346.56,89,,

1347.23,66,,

1347.91,76,,

1348.59,74,,

1349.27,58,,

1349.94,69,,

1350.62,81,,

1351.3,85,,

1351.97,69,,

1352.65,74,,

1353.33,63,,

1354.01,69,,

1354.68,69,,

1355.36,69,,

1356.04,77,,

1356.71,65,,

1357.39,80,,

1358.07,78,,

1358.75,87,,

1359.42,69,,

1360.1,85,,

1360.78,69,,

1361.45,86,,

1362.13,90,,

1362.81,85,,

1363.49,81,,

1364.16,66,,

1364.84,64,,

1365.52,71,,

1366.2,89,,

1366.87,63,,

1367.55,66,,

1368.23,70,,

1368.9,77,,

1369.58,83,,

1370.26,66,,

1370.94,61,,

1371.61,74,,

1372.29,75,,

1372.97,70,,

1373.64,76,,

1374.32,86,,

1375,89,,

1375.68,73,,

1376.35,105,,

1377.03,138,,

1377.71,114,,

1378.39,99,,

1379.06,79,,

1379.74,64,,

1380.42,76,,

1381.09,71,,

1381.77,64,,

1382.45,65,,

1383.13,80,,

1383.8,71,,

1384.48,78,,

1385.16,87,,

1385.83,76,,

1386.51,78,,

1387.19,72,,

1387.87,63,,

1388.54,78,,

1389.22,55,,

1389.9,70,,

1390.58,60,,

1391.25,58,,

1391.93,65,,

1392.61,70,,

1393.28,69,,

1393.96,68,,

1394.64,70,,

1395.32,64,,

1395.99,78,,

1396.67,63,,

1397.35,82,,

1398.02,67,,

1398.7,74,,

1399.38,79,,

1400.06,78,,

1400.73,75,,

1401.41,81,,

1402.09,74,,

1402.76,70,,

1403.44,72,,

1404.12,77,,

1404.8,85,,

1405.47,75,,

1406.15,83,,

1406.83,94,,

1407.51,102,,

1408.18,92,,

1408.86,69,,

1409.54,73,,

1410.21,77,,

1410.89,71,,

1411.57,60,,

1412.25,80,,

1412.92,86,,

1413.6,71,,

1414.28,80,,

1414.95,92,,

1415.63,65,,

1416.31,81,,

1416.99,72,,

1417.66,68,,

1418.34,65,,

1419.02,53,,

1419.7,69,,

1420.37,75,,

1421.05,74,,

1421.73,69,,

1422.4,68,,

1423.08,74,,

1423.76,67,,

1424.44,56,,

1425.11,86,,

1425.79,68,,

1426.47,65,,

1427.14,70,,

1427.82,69,,

1428.5,69,,

1429.18,63,,

1429.85,71,,

1430.53,67,,

1431.21,59,,

1431.88,75,,

1432.56,66,,

1433.24,63,,

1433.92,81,,

1434.59,63,,

1435.27,67,,

1435.95,73,,

1436.63,64,,

1437.3,62,,

1437.98,62,,

1438.66,76,,

1439.33,78,,

1440.01,67,,

1440.69,68,,

1441.37,70,,

1442.04,64,,

1442.72,71,,

1443.4,59,,

1444.07,79,,

1444.75,65,,

1445.43,69,,

1446.11,57,,

1446.78,62,,

1447.46,70,,

1448.14,59,,

1448.82,66,,

1449.49,71,,

1450.17,62,,

1450.85,58,,

1451.52,59,,

1452.2,56,,

1452.88,57,,

1453.56,65,,

1454.23,55,,

1454.91,59,,

1455.59,60,,

1456.26,62,,

1456.94,59,,

1457.62,75,,

1458.3,82,,

1458.97,251,,

1459.65,576,,

1460.33,864,,

1461.01,835,,

1461.68,441,,

1462.36,164,,

1463.04,71,,

1463.71,74,,

1464.39,54,,

1465.07,58,,

1465.75,68,,

1466.42,68,,

1467.1,63,,

1467.78,60,,

1468.45,62,,

1469.13,64,,

1469.81,49,,

1470.49,51,,

1471.16,61,,

1471.84,72,,

1472.52,47,,

1473.19,50,,

1473.87,64,,

1474.55,60,,

1475.23,64,,

1475.9,65,,

1476.58,59,,

1477.26,59,,

1477.94,57,,

1478.61,56,,

1479.29,81,,

1479.97,61,,

1480.64,69,,

1481.32,67,,

1482,63,,

1482.68,57,,

1483.35,67,,

1484.03,59,,

1484.71,49,,

1485.38,54,,

1486.06,65,,

1486.74,56,,

1487.42,45,,

1488.09,58,,

1488.77,50,,

1489.45,57,,

1490.12,54,,

1490.8,60,,

1491.48,50,,

1492.16,64,,

1492.83,56,,

1493.51,60,,

1494.19,65,,

1494.87,67,,

1495.54,71,,

1496.22,65,,

1496.9,47,,

1497.57,76,,

1498.25,62,,

1498.93,59,,

1499.61,60,,

1500.28,60,,

1500.96,55,,

1501.64,51,,

1502.31,55,,

1502.99,50,,

1503.67,68,,

1504.35,53,,

1505.02,52,,

1505.7,67,,

1506.38,56,,

1507.06,73,,

1507.73,63,,

1508.41,89,,

1509.09,83,,

1509.76,72,,

1510.44,67,,

1511.12,57,,

1511.8,56,,

1512.47,64,,

1513.15,56,,

1513.83,78,,

1514.5,66,,

1515.18,56,,

1515.86,48,,

1516.54,62,,

1517.21,78,,

1517.89,51,,

1518.57,50,,

1519.25,68,,

1519.92,63,,

1520.6,68,,

1521.28,53,,

1521.95,44,,

1522.63,48,,

1523.31,52,,

1523.99,47,,

1524.66,66,,

1525.34,57,,

1526.02,55,,

1526.69,48,,

1527.37,58,,

1528.05,59,,

1528.73,54,,

1529.4,60,,

1530.08,57,,

1530.76,49,,

1531.43,59,,

1532.11,61,,

1532.79,49,,

1533.47,58,,

1534.14,53,,

1534.82,57,,

1535.5,58,,

1536.18,49,,

1536.85,57,,

1537.53,52,,

1538.21,68,,

1538.88,62,,

1539.56,54,,

1540.24,57,,

1540.92,51,,

1541.59,54,,

1542.27,59,,

1542.95,50,,

1543.62,57,,

1544.3,48,,

1544.98,51,,

1545.66,48,,

1546.33,53,,

1547.01,55,,

1547.69,49,,

1548.37,59,,

1549.04,37,,

1549.72,49,,

1550.4,64,,

1551.07,52,,

1551.75,53,,

1552.43,52,,

1553.11,58,,

1553.78,51,,

1554.46,52,,

1555.14,47,,

1555.81,56,,

1556.49,44,,

1557.17,54,,

1557.85,54,,

1558.52,54,,

1559.2,49,,

1559.88,57,,

1560.55,50,,

1561.23,55,,

1561.91,54,,

1562.59,53,,

1563.26,59,,

1563.94,48,,

1564.62,54,,

1565.3,50,,

1565.97,42,,

1566.65,67,,

1567.33,55,,

1568,50,,

1568.68,65,,

1569.36,56,,

1570.04,51,,

1570.71,57,,

1571.39,48,,

1572.07,68,,

1572.74,60,,

1573.42,56,,

1574.1,61,,

1574.78,58,,

1575.45,57,,

1576.13,60,,

1576.81,51,,

1577.49,63,,

1578.16,64,,

1578.84,43,,

1579.52,51,,

1580.19,57,,

1580.87,61,,

1581.55,54,,

1582.23,70,,

1582.9,66,,

1583.58,42,,

1584.26,54,,

1584.93,60,,

1585.61,44,,

1586.29,74,,

1586.97,76,,

1587.64,76,,

1588.32,78,,

1589,71,,

1589.68,54,,

1590.35,72,,

1591.03,89,,

1591.71,98,,

1592.38,88,,

1593.06,88,,

1593.74,62,,

1594.42,58,,

1595.09,51,,

1595.77,54,,

1596.45,39,,

1597.12,58,,

1597.8,60,,

1598.48,58,,

1599.16,53,,

1599.83,41,,

1600.51,40,,

1601.19,42,,

1601.86,51,,

1602.54,45,,

1603.22,52,,

1603.9,52,,

1604.57,61,,

1605.25,56,,

1605.93,53,,

1606.61,52,,

1607.28,43,,

1607.96,52,,

1608.64,43,,

1609.31,48,,

1609.99,42,,

1610.67,45,,

1611.35,63,,

1612.02,62,,

1612.7,50,,

1613.38,47,,

1614.05,54,,

1614.73,44,,

1615.41,58,,

1616.09,34,,

1616.76,54,,

1617.44,45,,

1618.12,55,,

1618.8,59,,

1619.47,72,,

1620.15,76,,

1620.83,61,,

1621.5,46,,

1622.18,44,,

1622.86,59,,

1623.54,50,,

1624.21,46,,

1624.89,50,,

1625.57,53,,

1626.24,41,,

1626.92,46,,

1627.6,43,,

1628.28,54,,

1628.95,61,,

1629.63,68,,

1630.31,46,,

1630.98,61,,

1631.66,55,,

1632.34,49,,

1633.02,58,,

1633.69,54,,

1634.37,53,,

1635.05,45,,

1635.73,52,,

1636.4,53,,

1637.08,55,,

1637.76,56,,

1638.43,46,,

1639.11,59,,

1639.79,56,,

1640.47,38,,

1641.14,52,,

1641.82,57,,

1642.5,52,,

1643.17,41,,

1643.85,42,,

1644.53,33,,

1645.21,39,,

1645.88,42,,

1646.56,52,,

1647.24,49,,

1647.92,43,,

1648.59,38,,

1649.27,57,,

1649.95,47,,

1650.62,44,,

1651.3,47,,

1651.98,53,,

1652.66,40,,

1653.33,43,,

1654.01,61,,

1654.69,48,,

1655.36,42,,

1656.04,53,,

1656.72,52,,

1657.4,47,,

1658.07,50,,

1658.75,54,,

1659.43,47,,

1660.1,62,,

1660.78,63,,

1661.46,43,,

1662.14,49,,

1662.81,50,,

1663.49,44,,

1664.17,65,,

1664.85,49,,

1665.52,37,,

1666.2,55,,

1666.88,64,,

1667.55,57,,

1668.23,37,,

1668.91,42,,

1669.59,47,,

1670.26,47,,

1670.94,49,,

1671.62,34,,

1672.29,38,,

1672.97,49,,

1673.65,56,,

1674.33,47,,

1675,39,,

1675.68,61,,

1676.36,50,,

1677.04,46,,

1677.71,42,,

1678.39,43,,

1679.07,42,,

1679.74,48,,

1680.42,47,,

1681.1,58,,

1681.78,47,,

1682.45,44,,

1683.13,36,,

1683.81,44,,

1684.48,69,,

1685.16,48,,

1685.84,57,,

1686.52,50,,

1687.19,39,,

1687.87,39,,

1688.55,50,,

1689.22,47,,

1689.9,49,,

1690.58,44,,

1691.26,54,,

1691.93,48,,

1692.61,47,,

1693.29,64,,

1693.97,49,,

1694.64,47,,

1695.32,48,,

1696,38,,

1696.67,59,,

1697.35,47,,

1698.03,50,,

1698.71,55,,

1699.38,46,,

1700.06,57,,

1700.74,34,,

1701.41,45,,

1702.09,50,,

1702.77,49,,

1703.45,53,,

1704.12,44,,

1704.8,42,,

1705.48,49,,

1706.16,47,,

1706.83,33,,

1707.51,38,,

1708.19,40,,

1708.86,43,,

1709.54,37,,

1710.22,40,,

1710.9,41,,

1711.57,51,,

1712.25,39,,

1712.93,42,,

1713.6,46,,

1714.28,42,,

1714.96,38,,

1715.64,40,,

1716.31,54,,

1716.99,35,,

1717.67,52,,

1718.35,46,,

1719.02,45,,

1719.7,45,,

1720.38,39,,

1721.05,44,,

1721.73,35,,

1722.41,41,,

1723.09,38,,

1723.76,35,,

1724.44,39,,

1725.12,49,,

1725.79,34,,

1726.47,36,,

1727.15,61,,

1727.83,53,,

1728.5,85,,

1729.18,73,,

1729.86,70,,

1730.53,55,,

1731.21,44,,

1731.89,53,,

1732.57,35,,

1733.24,36,,

1733.92,41,,

1734.6,53,,

1735.28,36,,

1735.95,34,,

1736.63,36,,

1737.31,29,,

1737.98,38,,

1738.66,46,,

1739.34,44,,

1740.02,32,,

1740.69,41,,

1741.37,45,,

1742.05,43,,

1742.72,35,,

1743.4,43,,

1744.08,37,,

1744.76,54,,

1745.43,30,,

1746.11,40,,

1746.79,35,,

1747.47,46,,

1748.14,35,,

1748.82,40,,

1749.5,46,,

1750.17,35,,

1750.85,41,,

1751.53,44,,

1752.21,44,,

1752.88,38,,

1753.56,44,,

1754.24,38,,

1754.91,44,,

1755.59,32,,

1756.27,54,,

1756.95,43,,

1757.62,50,,

1758.3,33,,

1758.98,38,,

1759.65,28,,

1760.33,48,,

1761.01,53,,

1761.69,47,,

1762.36,100,,

1763.04,197,,

1763.72,236,,

1764.4,205,,

1765.07,135,,

1765.75,71,,

1766.43,44,,

1767.1,36,,

1767.78,43,,

1768.46,49,,

1769.14,33,,

1769.81,39,,

1770.49,31,,

1771.17,41,,

1771.84,48,,

1772.52,38,,

1773.2,41,,

1773.88,37,,

1774.55,39,,

1775.23,38,,

1775.91,57,,

1776.59,44,,

1777.26,46,,

1777.94,44,,

1778.62,53,,

1779.29,37,,

1779.97,34,,

1780.65,36,,

1781.33,41,,

1782,37,,

1782.68,30,,

1783.36,33,,

1784.03,35,,

1784.71,49,,

1785.39,55,,

1786.07,35,,

1786.74,32,,

1787.42,33,,

1788.1,44,,

1788.78,27,,

1789.45,32,,

1790.13,37,,

1790.81,28,,

1791.48,40,,

1792.16,34,,

1792.84,39,,

1793.52,41,,

1794.19,45,,

1794.87,32,,

1795.55,32,,

1796.22,39,,

1796.9,37,,

1797.58,43,,

1798.26,30,,

1798.93,28,,

1799.61,30,,

1800.29,38,,

1800.96,42,,

1801.64,35,,

1802.32,40,,

1803,39,,

1803.67,35,,

1804.35,39,,

1805.03,48,,

1805.71,41,,

1806.38,42,,

1807.06,41,,

1807.74,44,,

1808.41,37,,

1809.09,46,,

1809.77,44,,

1810.45,44,,

1811.12,52,,

1811.8,38,,

1812.48,34,,

1813.15,44,,

1813.83,36,,

1814.51,40,,

1815.19,31,,

1815.86,43,,

1816.54,44,,

1817.22,39,,

1817.9,34,,

1818.57,26,,

1819.25,35,,

1819.93,35,,

1820.6,39,,

1821.28,35,,

1821.96,42,,

1822.64,33,,

1823.31,44,,

1823.99,39,,

1824.67,40,,

1825.34,38,,

1826.02,43,,

1826.7,40,,

1827.38,46,,

1828.05,26,,

1828.73,50,,

1829.41,41,,

1830.08,36,,

1830.76,39,,

1831.44,29,,

1832.12,29,,

1832.79,32,,

1833.47,43,,

1834.15,32,,

1834.83,37,,

1835.5,38,,

1836.18,45,,

1836.86,46,,

1837.53,48,,

1838.21,42,,

1838.89,37,,

1839.57,42,,

1840.24,39,,

1840.92,38,,

1841.6,40,,

1842.27,46,,

1842.95,41,,

1843.63,43,,

1844.31,28,,

1844.98,51,,

1845.66,46,,

1846.34,63,,

1847.02,71,,

1847.69,57,,

1848.37,37,,

1849.05,36,,

1849.72,39,,

1850.4,30,,

1851.08,43,,

1851.76,33,,

1852.43,34,,

1853.11,36,,

1853.79,30,,

1854.46,29,,

1855.14,40,,

1855.82,32,,

1856.5,51,,

1857.17,37,,

1857.85,31,,

1858.53,36,,

1859.2,26,,

1859.88,29,,

1860.56,36,,

1861.24,33,,

1861.91,35,,

1862.59,38,,

1863.27,33,,

1863.95,48,,

1864.62,36,,

1865.3,41,,

1865.98,37,,

1866.65,36,,

1867.33,27,,

1868.01,42,,

1868.69,44,,

1869.36,40,,

1870.04,32,,

1870.72,27,,

1871.39,42,,

1872.07,40,,

1872.75,41,,

1873.43,34,,

1874.1,38,,

1874.78,42,,

1875.46,38,,

1876.14,36,,

1876.81,39,,

1877.49,32,,

1878.17,47,,

1878.84,33,,

1879.52,42,,

1880.2,41,,

1880.88,36,,

1881.55,40,,

1882.23,36,,

1882.91,36,,

1883.58,42,,

1884.26,40,,

1884.94,38,,

1885.62,42,,

1886.29,43,,

1886.97,42,,

1887.65,37,,

1888.32,32,,

1889,35,,

1889.68,31,,

1890.36,38,,

1891.03,40,,

1891.71,36,,

1892.39,41,,

1893.07,38,,

1893.74,45,,

1894.42,38,,

1895.1,42,,

1895.77,33,,

1896.45,40,,

1897.13,34,,

1897.81,41,,

1898.48,46,,

1899.16,46,,

1899.84,28,,

1900.51,40,,

1901.19,36,,

1901.87,32,,

1902.55,40,,

1903.22,40,,

1903.9,37,,

1904.58,28,,

1905.26,32,,

1905.93,39,,

1906.61,41,,

1907.29,40,,

1907.96,42,,

1908.64,32,,

1909.32,38,,

1910,25,,

1910.67,26,,

1911.35,31,,

1912.03,34,,

1912.7,30,,

1913.38,36,,

1914.06,40,,

1914.74,33,,

1915.41,32,,

1916.09,31,,

1916.77,46,,

1917.45,42,,

1918.12,37,,

1918.8,41,,

1919.48,39,,

1920.15,24,,

1920.83,30,,

1921.51,40,,

1922.19,31,,

1922.86,34,,

1923.54,49,,

1924.22,55,,

1924.89,37,,

1925.57,29,,

1926.25,27,,

1926.93,30,,

1927.6,32,,

1928.28,48,,

1928.96,33,,

1929.63,31,,

1930.31,44,,

1930.99,34,,

1931.67,36,,

1932.34,43,,

1933.02,33,,

1933.7,44,,

1934.38,47,,

1935.05,41,,

1935.73,44,,

1936.41,44,,

1937.08,36,,

1937.76,45,,

1938.44,39,,

1939.12,31,,

1939.79,36,,

1940.47,21,,

1941.15,20,,

1941.82,33,,

1942.5,38,,

1943.18,43,,

1943.86,34,,

1944.53,37,,

1945.21,31,,

1945.89,39,,

1946.57,30,,

1947.24,39,,

1947.92,37,,

1948.6,39,,

1949.27,30,,

1949.95,50,,

1950.63,32,,

1951.31,37,,

1951.98,26,,

1952.66,40,,

1953.34,34,,

1954.01,39,,

1954.69,31,,

1955.37,32,,

1956.05,32,,

1956.72,44,,

1957.4,27,,

1958.08,47,,

1958.75,46,,

1959.43,42,,

1960.11,34,,

1960.79,44,,

1961.46,33,,

1962.14,35,,

1962.82,38,,

1963.5,31,,

1964.17,50,,

1964.85,26,,

1965.53,26,,

1966.2,42,,

1966.88,39,,

1967.56,38,,

1968.24,32,,

1968.91,41,,

1969.59,43,,

1970.27,29,,

1970.94,38,,

1971.62,41,,

1972.3,32,,

1972.98,43,,

1973.65,28,,

1974.33,31,,

1975.01,33,,

1975.69,30,,

1976.36,37,,

1977.04,36,,

1977.72,38,,

1978.39,32,,

1979.07,39,,

1979.75,26,,

1980.43,43,,

1981.1,43,,

1981.78,31,,

1982.46,40,,

1983.13,25,,

1983.81,26,,

1984.49,33,,

1985.17,37,,

1985.84,35,,

1986.52,41,,

1987.2,28,,

1987.88,35,,

1988.55,35,,

1989.23,33,,

1989.91,34,,

1990.58,45,,

1991.26,39,,

1991.94,21,,

1992.62,31,,

1993.29,38,,

1993.97,29,,

1994.65,27,,

1995.32,31,,

1996,45,,

1996.68,37,,

1997.36,32,,

1998.03,25,,

1998.71,24,,

1999.39,41,,

2000.06,32,,

2000.74,39,,

2001.42,24,,

2002.1,30,,

2002.77,33,,

2003.45,36,,

2004.13,32,,

2004.81,27,,

2005.48,41,,

2006.16,33,,

2006.84,38,,

2007.51,26,,

2008.19,31,,

2008.87,32,,

2009.55,31,,

2010.22,30,,

2010.9,38,,

2011.58,25,,

2012.25,34,,

2012.93,41,,

2013.61,32,,

2014.29,34,,

2014.96,30,,

2015.64,31,,

2016.32,36,,

2016.99,30,,

2017.67,34,,

2018.35,27,,

2019.03,41,,

2019.7,39,,

2020.38,34,,

2021.06,33,,

2021.74,28,,

2022.41,28,,

2023.09,33,,

2023.77,29,,

2024.44,35,,

2025.12,31,,

2025.8,38,,

2026.48,39,,

2027.15,26,,

2027.83,31,,

2028.51,33,,

2029.18,34,,

2029.86,30,,

2030.54,42,,

2031.22,36,,

2031.89,32,,

2032.57,20,,

2033.25,33,,

2033.93,37,,

2034.6,33,,

2035.28,35,,

2035.96,29,,

2036.63,29,,

2037.31,34,,

2037.99,40,,

2038.67,33,,

2039.34,29,,

2040.02,34,,

2040.7,36,,

2041.37,31,,

2042.05,42,,

2042.73,47,,

2043.41,26,,

2044.08,40,,

2044.76,29,,

2045.44,35,,

2046.12,28,,

2046.79,29,,

2047.47,26,,

2048.15,45,,

2048.82,29,,

2049.5,32,,

2050.18,27,,

2050.86,30,,

2051.53,21,,

2052.21,32,,

2052.89,34,,

2053.56,38,,

2054.24,44,,

2054.92,23,,

2055.6,30,,

2056.27,40,,

2056.95,24,,

2057.63,26,,

2058.3,26,,

2058.98,34,,

2059.66,35,,

2060.34,22,,

2061.01,39,,

2061.69,29,,

2062.37,30,,

2063.05,31,,

2063.72,31,,

2064.4,41,,

2065.08,41,,

2065.75,26,,

2066.43,31,,

2067.11,42,,

2067.79,22,,

2068.46,27,,

2069.14,24,,

2069.82,39,,

2070.49,35,,

2071.17,43,,

2071.85,30,,

2072.53,35,,

2073.2,30,,

2073.88,28,,

2074.56,41,,

2075.24,32,,

2075.91,32,,

2076.59,32,,

2077.27,36,,

2077.94,41,,

2078.62,33,,

2079.3,28,,

2079.98,28,,

2080.65,33,,

2081.33,32,,

2082.01,32,,

2082.68,29,,

2083.36,37,,

2084.04,29,,

2084.72,36,,

2085.39,24,,

2086.07,31,,

2086.75,29,,

2087.43,38,,

2088.1,37,,

2088.78,37,,

2089.46,36,,

2090.13,27,,

2090.81,27,,

2091.49,31,,

2092.17,37,,

2092.84,32,,

2093.52,18,,

2094.2,33,,

2094.87,33,,

2095.55,35,,

2096.23,41,,

2096.91,28,,

2097.58,34,,

2098.26,28,,

2098.94,36,,

2099.61,35,,

2100.29,47,,

2100.97,46,,

2101.65,78,,

2102.32,67,,

2103,86,,

2103.68,65,,

2104.36,40,,

2105.03,30,,

2105.71,35,,

2106.39,30,,

2107.06,22,,

2107.74,32,,

2108.42,43,,

2109.1,38,,

2109.77,33,,

2110.45,50,,

2111.13,33,,

2111.8,39,,

2112.48,32,,

2113.16,31,,

2113.84,32,,

2114.51,37,,

2115.19,35,,

2115.87,42,,

2116.54,46,,

2117.22,49,,

2117.9,36,,

2118.58,27,,

2119.25,33,,

2119.93,25,,

2120.61,26,,

2121.29,32,,

2121.96,33,,

2122.64,28,,

2123.32,37,,

2123.99,36,,

2124.67,36,,

2125.35,25,,

2126.03,35,,

2126.7,36,,

2127.38,39,,

2128.06,28,,

2128.73,32,,

2129.41,25,,

2130.09,36,,

2130.77,33,,

2131.44,29,,

2132.12,37,,

2132.8,25,,

2133.48,26,,

2134.15,32,,

2134.83,35,,

2135.51,28,,

2136.18,36,,

2136.86,44,,

2137.54,24,,

2138.22,28,,

2138.89,25,,

2139.57,23,,

2140.25,29,,

2140.92,29,,

2141.6,27,,

2142.28,33,,

2142.96,31,,

2143.63,31,,

2144.31,33,,

2144.99,34,,

2145.67,33,,

2146.34,25,,

2147.02,21,,

2147.7,24,,

2148.37,28,,

2149.05,24,,

2149.73,24,,

2150.41,32,,

2151.08,33,,

2151.76,24,,

2152.44,25,,

2153.11,21,,

2153.79,37,,

2154.47,32,,

2155.15,33,,

2155.82,25,,

2156.5,28,,

2157.18,34,,

2157.85,41,,

2158.53,24,,

2159.21,30,,

2159.89,19,,

2160.56,32,,

2161.24,30,,

2161.92,22,,

2162.6,43,,

2163.27,29,,

2163.95,46,,

2164.63,25,,

2165.3,26,,

2165.98,33,,

2166.66,33,,

2167.34,37,,

2168.01,26,,

2168.69,31,,

2169.37,27,,

2170.04,27,,

2170.72,32,,

2171.4,28,,

2172.08,30,,

2172.75,22,,

2173.43,37,,

2174.11,25,,

2174.79,33,,

2175.46,26,,

2176.14,31,,

2176.82,32,,

2177.49,30,,

2178.17,26,,

2178.85,31,,

2179.53,27,,

2180.2,23,,

2180.88,28,,

2181.56,27,,

2182.23,17,,

2182.91,42,,

2183.59,28,,

2184.27,25,,

2184.94,37,,

2185.62,24,,

2186.3,27,,

2186.97,25,,

2187.65,31,,

2188.33,38,,

2189.01,33,,

2189.68,26,,

2190.36,26,,

2191.04,33,,

2191.72,24,,

2192.39,16,,

2193.07,29,,

2193.75,35,,

2194.42,34,,

2195.1,32,,

2195.78,24,,

2196.46,31,,

2197.13,28,,

2197.81,30,,

2198.49,28,,

2199.16,27,,

2199.84,24,,

2200.52,37,,

2201.2,55,,

2201.87,61,,

2202.55,99,,

2203.23,116,,

2203.91,65,,

2204.58,36,,

2205.26,32,,

2205.94,24,,

2206.61,25,,

2207.29,28,,

2207.97,28,,

2208.65,38,,

2209.32,40,,

2210,27,,

2210.68,36,,

2211.35,27,,

2212.03,30,,

2212.71,34,,

2213.39,24,,

2214.06,38,,

2214.74,29,,

2215.42,38,,

2216.09,26,,

2216.77,31,,

2217.45,31,,

2218.13,25,,

2218.8,27,,

2219.48,27,,

2220.16,37,,

2220.84,34,,

2221.51,20,,

2222.19,42,,

2222.87,33,,

2223.54,37,,

2224.22,29,,

2224.9,40,,

2225.58,32,,

2226.25,30,,

2226.93,23,,

2227.61,25,,

2228.28,28,,

2228.96,21,,

2229.64,25,,

2230.32,32,,

2230.99,41,,

2231.67,24,,

2232.35,20,,

2233.03,33,,

2233.7,26,,

2234.38,38,,

2235.06,37,,

2235.73,25,,

2236.41,25,,

2237.09,27,,

2237.77,35,,

2238.44,38,,

2239.12,28,,

2239.8,36,,

2240.47,30,,

2241.15,40,,

2241.83,22,,

2242.51,31,,

2243.18,40,,

2243.86,22,,

2244.54,27,,

2245.22,25,,

2245.89,32,,

2246.57,20,,

2247.25,27,,

2247.92,30,,

2248.6,35,,

2249.28,31,,

2249.96,27,,

2250.63,35,,

2251.31,38,,

2251.99,25,,

2252.66,30,,

2253.34,27,,

2254.02,23,,

2254.7,36,,

2255.37,25,,

2256.05,28,,

2256.73,32,,

2257.4,30,,

2258.08,26,,

2258.76,26,,

2259.44,26,,

2260.11,31,,

2260.79,28,,

2261.47,20,,

2262.15,25,,

2262.82,35,,

2263.5,33,,

2264.18,25,,

2264.85,20,,

2265.53,21,,

2266.21,23,,

2266.89,33,,

2267.56,25,,

2268.24,22,,

2268.92,30,,

2269.59,35,,

2270.27,17,,

2270.95,24,,

2271.63,23,,

2272.3,26,,

2272.98,22,,

2273.66,27,,

2274.34,31,,

2275.01,25,,

2275.69,23,,

2276.37,27,,

2277.04,22,,

2277.72,22,,

2278.4,21,,

2279.08,18,,

2279.75,31,,

2280.43,32,,

2281.11,33,,

2281.78,38,,

2282.46,28,,

2283.14,20,,

2283.82,27,,

2284.49,26,,

2285.17,37,,

2285.85,27,,

2286.52,27,,

2287.2,32,,

2287.88,36,,

2288.56,20,,

2289.23,22,,

2289.91,31,,

2290.59,32,,

2291.27,28,,

2291.94,28,,

2292.62,37,,

2293.3,33,,

2293.97,43,,

2294.65,27,,

2295.33,29,,

2296.01,22,,

2296.68,22,,

2297.36,39,,

2298.04,31,,

2298.71,29,,

2299.39,31,,

2300.07,37,,

2300.75,18,,

2301.42,33,,

2302.1,26,,

2302.78,25,,

2303.46,34,,

2304.13,31,,

2304.81,31,,

2305.49,29,,

2306.16,24,,

2306.84,27,,

2307.52,35,,

2308.2,30,,

2308.87,27,,

2309.55,34,,

2310.23,34,,

2310.9,28,,

2311.58,25,,

2312.26,23,,

2312.94,36,,

2313.61,28,,

2314.29,34,,

2314.97,20,,

2315.65,30,,

2316.32,26,,

2317,20,,

2317.68,20,,

2318.35,23,,

2319.03,33,,

2319.71,23,,

2320.39,24,,

2321.06,34,,

2321.74,30,,

2322.42,25,,

2323.09,27,,

2323.77,24,,

2324.45,26,,

2325.13,24,,

2325.8,24,,

2326.48,31,,

2327.16,27,,

2327.83,23,,

2328.51,29,,

2329.19,37,,

2329.87,22,,

2330.54,27,,

2331.22,23,,

2331.9,25,,

2332.58,39,,

2333.25,24,,

2333.93,29,,

2334.61,22,,

2335.28,21,,

2335.96,35,,

2336.64,29,,

2337.32,35,,

2337.99,27,,

2338.67,30,,

2339.35,28,,

2340.02,31,,

2340.7,26,,

2341.38,30,,

2342.06,27,,

2342.73,29,,

2343.41,26,,

2344.09,27,,

2344.77,29,,

2345.44,25,,

2346.12,21,,

2346.8,22,,

2347.47,25,,

2348.15,28,,

2348.83,23,,

2349.51,37,,

2350.18,28,,

2350.86,17,,

2351.54,29,,

2352.21,34,,

2352.89,28,,

2353.57,33,,

2354.25,40,,

2354.92,23,,

2355.6,27,,

2356.28,25,,

2356.95,28,,

2357.63,27,,

2358.31,30,,

2358.99,24,,

2359.66,31,,

2360.34,29,,

2361.02,32,,

2361.7,34,,

2362.37,24,,

2363.05,30,,

2363.73,22,,

2364.4,24,,

2365.08,20,,

2365.76,34,,

2366.44,30,,

2367.11,19,,

2367.79,36,,

2368.47,33,,

2369.14,25,,

2369.82,27,,

2370.5,24,,

2371.18,29,,

2371.85,18,,

2372.53,37,,

2373.21,25,,

2373.89,29,,

2374.56,32,,

2375.24,34,,

2375.92,22,,

2376.59,24,,

2377.27,35,,

2377.95,23,,

2378.63,23,,

2379.3,28,,

2379.98,24,,

2380.66,32,,

2381.33,23,,

2382.01,22,,

2382.69,23,,

2383.37,27,,

2384.04,27,,

2384.72,18,,

2385.4,21,,

2386.07,20,,

2386.75,19,,

2387.43,27,,

2388.11,31,,

2388.78,15,,

2389.46,28,,

2390.14,26,,

2390.82,25,,

2391.49,25,,

2392.17,21,,

2392.85,23,,

2393.52,28,,

2394.2,21,,

2394.88,23,,

2395.56,26,,

2396.23,24,,

2396.91,24,,

2397.59,19,,

2398.26,19,,

2398.94,28,,

2399.62,23,,

2400.3,18,,

2400.97,29,,

2401.65,23,,

2402.33,29,,

2403.01,17,,

2403.68,17,,

2404.36,23,,

2405.04,12,,

2405.71,16,,

2406.39,20,,

2407.07,27,,

2407.75,19,,

2408.42,29,,

2409.1,19,,

2409.78,18,,

2410.45,20,,

2411.13,17,,

2411.81,37,,

2412.49,28,,

2413.16,23,,

2413.84,25,,

2414.52,28,,

2415.2,29,,

2415.87,31,,

2416.55,18,,

2417.23,16,,

2417.9,16,,

2418.58,25,,

2419.26,30,,

2419.94,25,,

2420.61,24,,

2421.29,20,,

2421.97,24,,

2422.64,29,,

2423.32,22,,

2424,28,,

2424.68,26,,

2425.35,23,,

2426.03,19,,

2426.71,19,,

2427.38,25,,

2428.06,23,,

2428.74,20,,

2429.42,15,,

2430.09,25,,

2430.77,18,,

2431.45,23,,

2432.13,22,,

2432.8,15,,

2433.48,22,,

2434.16,18,,

2434.83,16,,

2435.51,19,,

2436.19,32,,

2436.87,24,,

2437.54,25,,

2438.22,20,,

2438.9,23,,

2439.57,24,,

2440.25,20,,

2440.93,14,,

2441.61,24,,

2442.28,21,,

2442.96,22,,

2443.64,23,,

2444.32,29,,

2444.99,41,,

2445.67,37,,

2446.35,38,,

2447.02,41,,

2447.7,26,,

2448.38,21,,

2449.06,30,,

2449.73,18,,

2450.41,27,,

2451.09,16,,

2451.76,28,,

2452.44,17,,

2453.12,23,,

2453.8,13,,

2454.47,20,,

2455.15,21,,

2455.83,21,,

2456.5,17,,

2457.18,20,,

2457.86,18,,

2458.54,24,,

2459.21,23,,

2459.89,21,,

2460.57,20,,

2461.25,15,,

2461.92,25,,

2462.6,17,,

2463.28,20,,

2463.95,16,,

2464.63,25,,

2465.31,21,,

2465.99,29,,

2466.66,19,,

2467.34,21,,

2468.02,20,,

2468.69,22,,

2469.37,19,,

2470.05,17,,

2470.73,23,,

2471.4,25,,

2472.08,23,,

2472.76,19,,

2473.44,22,,

2474.11,25,,

2474.79,17,,

2475.47,21,,

2476.14,16,,

2476.82,19,,

2477.5,19,,

2478.18,25,,

2478.85,19,,

2479.53,24,,

2480.21,14,,

2480.88,27,,

2481.56,28,,

2482.24,12,,

2482.92,22,,

2483.59,22,,

2484.27,13,,

2484.95,21,,

2485.62,14,,

2486.3,24,,

2486.98,18,,

2487.66,12,,

2488.33,18,,

2489.01,13,,

2489.69,15,,

2490.37,14,,

2491.04,22,,

2491.72,14,,

2492.4,18,,

2493.07,22,,

2493.75,25,,

2494.43,14,,

2495.11,24,,

2495.78,14,,

2496.46,18,,

2497.14,20,,

2497.81,20,,

2498.49,20,,

2499.17,19,,

2499.85,21,,

2500.52,14,,

2501.2,18,,

2501.88,20,,

2502.56,22,,

2503.23,19,,

2503.91,24,,

2504.59,15,,

2505.26,13,,

2505.94,21,,

2506.62,28,,

2507.3,22,,

2507.97,17,,

2508.65,12,,

2509.33,13,,

2510,18,,

2510.68,22,,

2511.36,13,,

2512.04,27,,

2512.71,21,,

2513.39,19,,

2514.07,21,,

2514.74,18,,

2515.42,12,,

2516.1,13,,

2516.78,22,,

2517.45,17,,

2518.13,17,,

2518.81,17,,

2519.49,13,,

2520.16,16,,

2520.84,22,,

2521.52,21,,

2522.19,12,,

2522.87,14,,

2523.55,17,,

2524.23,22,,

2524.9,14,,

2525.58,19,,

2526.26,17,,

2526.93,19,,

2527.61,12,,

2528.29,22,,

2528.97,17,,

2529.64,23,,

2530.32,15,,

2531,15,,

2531.68,16,,

2532.35,21,,

2533.03,12,,

2533.71,18,,

2534.38,18,,

2535.06,16,,

2535.74,22,,

2536.42,17,,

2537.09,14,,

2537.77,9,,

2538.45,13,,

2539.12,16,,

2539.8,13,,

2540.48,22,,

2541.16,13,,

2541.83,18,,

2542.51,12,,

2543.19,17,,

2543.86,19,,

2544.54,23,,

2545.22,16,,

2545.9,20,,

2546.57,20,,

2547.25,28,,

2547.93,17,,

2548.61,16,,

2549.28,23,,

2549.96,15,,

2550.64,20,,

2551.31,19,,

2551.99,17,,

2552.67,26,,

2553.35,20,,

2554.02,26,,

2554.7,18,,

2555.38,20,,

2556.05,17,,

2556.73,19,,

2557.41,17,,

2558.09,11,,

2558.76,13,,

2559.44,17,,

2560.12,20,,

2560.8,13,,

2561.47,20,,

2562.15,18,,

2562.83,20,,

2563.5,12,,

2564.18,16,,

2564.86,23,,

2565.54,16,,

2566.21,14,,

2566.89,21,,

2567.57,17,,

2568.24,10,,

2568.92,16,,

2569.6,22,,

2570.28,16,,

2570.95,9,,

2571.63,17,,

2572.31,14,,

2572.99,15,,

2573.66,20,,

2574.34,14,,

2575.02,13,,

2575.69,14,,

2576.37,17,,

2577.05,18,,

2577.73,9,,

2578.4,22,,

2579.08,15,,

2579.76,20,,

2580.43,18,,

2581.11,22,,

2581.79,11,,

2582.47,13,,

2583.14,12,,

2583.82,13,,

2584.5,17,,

2585.17,17,,

2585.85,16,,

2586.53,14,,

2587.21,13,,

2587.88,17,,

2588.56,21,,

2589.24,19,,

2589.92,17,,

2590.59,10,,

2591.27,17,,

2591.95,12,,

2592.62,17,,

2593.3,13,,

2593.98,14,,

2594.66,17,,

2595.33,21,,

2596.01,16,,

2596.69,15,,

2597.36,18,,

2598.04,17,,

2598.72,19,,

2599.4,17,,

2600.07,22,,

2600.75,19,,

2601.43,18,,

2602.11,14,,

2602.78,18,,

2603.46,18,,

2604.14,21,,

2604.81,19,,

2605.49,22,,

2606.17,25,,

2606.85,17,,

2607.52,13,,

2608.2,16,,

2608.88,19,,

2609.55,18,,

2610.23,30,,

2610.91,92,,

2611.59,223,,

2612.26,345,,

2612.94,435,,

2613.62,410,,

2614.29,208,,

2614.97,100,,

2615.65,33,,

2616.33,23,,

2617,16,,

2617.68,11,,

2618.36,18,,

2619.04,16,,

2619.71,13,,

2620.39,17,,

2621.07,21,,

2621.74,15,,

2622.42,14,,

2623.1,23,,

2623.78,13,,

2624.45,14,,

2625.13,15,,

2625.81,14,,

2626.48,18,,

2627.16,15,,

2627.84,12,,

2628.52,10,,

2629.19,9,,

2629.87,13,,

2630.55,12,,

2631.23,13,,

2631.9,10,,

2632.58,18,,

2633.26,18,,

2633.93,9,,

2634.61,10,,

2635.29,16,,

2635.97,17,,

2636.64,8,,

2637.32,8,,

2638,9,,

2638.67,10,,

2639.35,14,,

2640.03,19,,

2640.71,14,,

2641.38,15,,

2642.06,18,,

2642.74,16,,

2643.42,21,,

2644.09,17,,

2644.77,14,,

2645.45,20,,

2646.12,8,,

2646.8,20,,

2647.48,16,,

2648.16,14,,

2648.83,13,,

2649.51,16,,

2650.19,11,,

2650.86,13,,

2651.54,16,,

2652.22,14,,

2652.9,15,,

2653.57,17,,

2654.25,9,,

2654.93,10,,

2655.6,10,,

2656.28,8,,

2656.96,15,,

2657.64,18,,

2658.31,16,,

2658.99,15,,

2659.67,7,,

2660.35,16,,

2661.02,14,,

2661.7,11,,

2662.38,17,,

2663.05,10,,

2663.73,11,,

2664.41,13,,

2665.09,9,,

2665.76,9,,

2666.44,22,,

2667.12,14,,

2667.79,15,,

2668.47,15,,

2669.15,11,,

2669.83,16,,

2670.5,13,,

2671.18,26,,

2671.86,8,,

2672.54,11,,

2673.21,11,,

2673.89,6,,

2674.57,22,,

2675.24,14,,

2675.92,10,,

2676.6,14,,

2677.28,16,,

2677.95,13,,

2678.63,15,,

2679.31,11,,

2679.98,19,,

2680.66,13,,

2681.34,13,,

2682.02,16,,

2682.69,19,,

2683.37,14,,

2684.05,16,,

2684.72,13,,

2685.4,10,,

2686.08,15,,

2686.76,12,,

2687.43,14,,

2688.11,14,,

2688.79,10,,

2689.47,12,,

2690.14,15,,

2690.82,9,,

2691.5,12,,

2692.17,15,,

2692.85,18,,

2693.53,14,,

2694.21,12,,

2694.88,15,,

2695.56,14,,

2696.24,15,,

2696.91,15,,

2697.59,23,,

2698.27,10,,

2698.95,16,,

2699.62,10,,

2700.3,11,,

2700.98,12,,

2701.66,22,,

2702.33,10,,

2703.01,7,,

2703.69,13,,

2704.36,20,,

2705.04,14,,

2705.72,11,,

2706.4,12,,

2707.07,11,,

2707.75,12,,

2708.43,14,,

2709.1,16,,

2709.78,14,,

2710.46,10,,

2711.14,13,,

2711.81,10,,

2712.49,12,,

2713.17,16,,

2713.84,14,,

2714.52,19,,

2715.2,8,,

2715.88,17,,

2716.55,14,,

2717.23,7,,

2717.91,12,,

2718.59,10,,

2719.26,18,,

2719.94,12,,

2720.62,8,,

2721.29,11,,

2721.97,15,,

2722.65,14,,

2723.33,16,,

2724,17,,

2724.68,12,,

2725.36,12,,

2726.03,6,,

2726.71,12,,

2727.39,18,,

2728.07,14,,

2728.74,17,,

2729.42,9,,

2730.1,3,,

2730.78,13,,

2731.45,14,,

2732.13,17,,

2732.81,15,,

2733.48,15,,

2734.16,9,,

2734.84,11,,

2735.52,16,,

2736.19,12,,

2736.87,9,,

2737.55,12,,

2738.22,18,,

2738.9,17,,

2739.58,15,,

2740.26,8,,

2740.93,14,,

2741.61,9,,

2742.29,14,,

2742.97,19,,

2743.64,11,,

2744.32,16,,

2745,5,,

2745.67,10,,

2746.35,15,,

2747.03,17,,

2747.71,11,,

2748.38,18,,

2749.06,12,,

2749.74,11,,

2750.41,19,,

2751.09,13,,

2751.77,12,,

2752.45,14,,

2753.12,16,,

2753.8,10,,

2754.48,16,,

2755.15,16,,

2755.83,15,,

2756.51,10,,

2757.19,14,,

2757.86,13,,

2758.54,15,,

2759.22,17,,

2759.9,10,,

2760.57,12,,

2761.25,14,,

2761.93,20,,

2762.6,10,,

2763.28,12,,

2763.96,21,,

2764.64,14,,

2765.31,15,,

2765.99,17,,

2766.67,15,,

2767.34,8,,

2768.02,8,,

2768.7,7,,

2769.38,12,,

2770.05,11,,

2770.73,18,,

2771.41,9,,

2772.09,8,,

2772.76,14,,

2773.44,15,,

2774.12,7,,